year,category,indicator,dimension,value,unit,note
2019,综合,GDP增长率,中国,6.0674,%,"来源：世界银行OpenData(NY.GDP.MKTP.KD.ZG, CHN)"
2020,综合,GDP增长率,中国,2.3395,%,"来源：世界银行OpenData(NY.GDP.MKTP.KD.ZG, CHN)"
2021,综合,GDP增长率,中国,8.5704,%,"来源：世界银行OpenData(NY.GDP.MKTP.KD.ZG, CHN)"
2022,综合,GDP增长率,中国,3.1339,%,"来源：世界银行OpenData(NY.GDP.MKTP.KD.ZG, CHN)"
2023,综合,GDP增长率,中国,5.416,%,"来源：世界银行OpenData(NY.GDP.MKTP.KD.ZG, CHN)"
2024,综合,GDP增长率,中国,4.9583,%,"来源：世界银行OpenData(NY.GDP.MKTP.KD.ZG, CHN)"
2019,综合,人均GDP,中国,10342.901,美元,"来源：世界银行OpenData(NY.GDP.PCAP.CD, CHN)"
2020,综合,人均GDP,中国,10627.4638,美元,"来源：世界银行OpenData(NY.GDP.PCAP.CD, CHN)"
2021,综合,人均GDP,中国,12887.4357,美元,"来源：世界银行OpenData(NY.GDP.PCAP.CD, CHN)"
2022,综合,人均GDP,中国,12970.6056,美元,"来源：世界银行OpenData(NY.GDP.PCAP.CD, CHN)"
2023,综合,人均GDP,中国,12951.1782,美元,"来源：世界银行OpenData(NY.GDP.PCAP.CD, CHN)"
2024,综合,人均GDP,中国,13293.1162,美元,"来源：世界银行OpenData(NY.GDP.PCAP.CD, CHN)"
2019,综合,国内生产总值(GDP),中国,145601.671,亿美元,"来源：世界银行OpenData(NY.GDP.MKTP.CD, CHN)"
2020,综合,国内生产总值(GDP),中国,149964.1417,亿美元,"来源：世界银行OpenData(NY.GDP.MKTP.CD, CHN)"
2021,综合,国内生产总值(GDP),中国,182016.9872,亿美元,"来源：世界银行OpenData(NY.GDP.MKTP.CD, CHN)"
2022,综合,国内生产总值(GDP),中国,183167.6502,亿美元,"来源：世界银行OpenData(NY.GDP.MKTP.CD, CHN)"
2023,综合,国内生产总值(GDP),中国,182703.5665,亿美元,"来源：世界银行OpenData(NY.GDP.MKTP.CD, CHN)"
2024,综合,国内生产总值(GDP),中国,187296.6844,亿美元,"来源：世界银行OpenData(NY.GDP.MKTP.CD, CHN)"
2019,人口,失业率,中国,4.56,%,"来源：世界银行OpenData(SL.UEM.TOTL.ZS, CHN)"
2020,人口,失业率,中国,5.0,%,"来源：世界银行OpenData(SL.UEM.TOTL.ZS, CHN)"
2021,人口,失业率,中国,4.55,%,"来源：世界银行OpenData(SL.UEM.TOTL.ZS, CHN)"
2022,人口,失业率,中国,4.98,%,"来源：世界银行OpenData(SL.UEM.TOTL.ZS, CHN)"
2023,人口,失业率,中国,4.67,%,"来源：世界银行OpenData(SL.UEM.TOTL.ZS, CHN)"
2024,人口,失业率,中国,4.59,%,"来源：世界银行OpenData(SL.UEM.TOTL.ZS, CHN)"
2019,工业,工业增加值,中国,54985.3548,亿美元,"来源：世界银行OpenData(NV.IND.TOTL.CD, CHN)"
2020,工业,工业增加值,中国,55354.1077,亿美元,"来源：世界银行OpenData(NV.IND.TOTL.CD, CHN)"
2021,工业,工业增加值,中国,69334.7703,亿美元,"来源：世界银行OpenData(NV.IND.TOTL.CD, CHN)"
2022,工业,工业增加值,中国,69410.514,亿美元,"来源：世界银行OpenData(NV.IND.TOTL.CD, CHN)"
2023,工业,工业增加值,中国,67184.6745,亿美元,"来源：世界银行OpenData(NV.IND.TOTL.CD, CHN)"
2024,工业,工业增加值,中国,68121.7107,亿美元,"来源：世界银行OpenData(NV.IND.TOTL.CD, CHN)"
2019,人口,总人口,中国,14.0775,亿人,"来源：世界银行OpenData(SP.POP.TOTL, CHN)"
2020,人口,总人口,中国,14.111,亿人,"来源：世界银行OpenData(SP.POP.TOTL, CHN)"
2021,人口,总人口,中国,14.1236,亿人,"来源：世界银行OpenData(SP.POP.TOTL, CHN)"
2022,人口,总人口,中国,14.1218,亿人,"来源：世界银行OpenData(SP.POP.TOTL, CHN)"
2023,人口,总人口,中国,14.1071,亿人,"来源：世界银行OpenData(SP.POP.TOTL, CHN)"
2024,人口,总人口,中国,14.0898,亿人,"来源：世界银行OpenData(SP.POP.TOTL, CHN)"
2019,贸易,货物服务出口总额,中国,26411.8844,亿美元,"来源：世界银行OpenData(NE.EXP.GNFS.CD, CHN)"
2020,贸易,货物服务出口总额,中国,27397.8509,亿美元,"来源：世界银行OpenData(NE.EXP.GNFS.CD, CHN)"
2021,贸易,货物服务出口总额,中国,35375.1028,亿美元,"来源：世界银行OpenData(NE.EXP.GNFS.CD, CHN)"
2022,贸易,货物服务出口总额,中国,37050.7054,亿美元,"来源：世界银行OpenData(NE.EXP.GNFS.CD, CHN)"
2023,贸易,货物服务出口总额,中国,35448.7108,亿美元,"来源：世界银行OpenData(NE.EXP.GNFS.CD, CHN)"
2024,贸易,货物服务出口总额,中国,38288.7397,亿美元,"来源：世界银行OpenData(NE.EXP.GNFS.CD, CHN)"
2019,贸易,货物服务进口总额,中国,25210.3655,亿美元,"来源：世界银行OpenData(NE.IMP.GNFS.CD, CHN)"
2020,贸易,货物服务进口总额,中国,24096.5039,亿美元,"来源：世界银行OpenData(NE.IMP.GNFS.CD, CHN)"
2021,贸易,货物服务进口总额,中国,31321.1616,亿美元,"来源：世界银行OpenData(NE.IMP.GNFS.CD, CHN)"
2022,贸易,货物服务进口总额,中国,31660.1614,亿美元,"来源：世界银行OpenData(NE.IMP.GNFS.CD, CHN)"
2023,贸易,货物服务进口总额,中国,31675.026,亿美元,"来源：世界银行OpenData(NE.IMP.GNFS.CD, CHN)"
2024,贸易,货物服务进口总额,中国,32801.7024,亿美元,"来源：世界银行OpenData(NE.IMP.GNFS.CD, CHN)"
2019,综合,通货膨胀率(CPI),中国,2.8992,%,"来源：世界银行OpenData(FP.CPI.TOTL.ZG, CHN)"
2020,综合,通货膨胀率(CPI),中国,2.4194,%,"来源：世界银行OpenData(FP.CPI.TOTL.ZG, CHN)"
2021,综合,通货膨胀率(CPI),中国,0.981,%,"来源：世界银行OpenData(FP.CPI.TOTL.ZG, CHN)"
2022,综合,通货膨胀率(CPI),中国,1.9736,%,"来源：世界银行OpenData(FP.CPI.TOTL.ZG, CHN)"
2023,综合,通货膨胀率(CPI),中国,0.2348,%,"来源：世界银行OpenData(FP.CPI.TOTL.ZG, CHN)"
2024,综合,通货膨胀率(CPI),中国,0.2181,%,"来源：世界银行OpenData(FP.CPI.TOTL.ZG, CHN)"
2019,人口,预期寿命,中国,77.94,岁,"来源：世界银行OpenData(SP.DYN.LE00.IN, CHN)"
2020,人口,预期寿命,中国,78.019,岁,"来源：世界银行OpenData(SP.DYN.LE00.IN, CHN)"
2021,人口,预期寿命,中国,78.117,岁,"来源：世界银行OpenData(SP.DYN.LE00.IN, CHN)"
2022,人口,预期寿命,中国,78.202,岁,"来源：世界银行OpenData(SP.DYN.LE00.IN, CHN)"
2023,人口,预期寿命,中国,77.953,岁,"来源：世界银行OpenData(SP.DYN.LE00.IN, CHN)"
2024,人口,预期寿命,中国,78.017,岁,"来源：世界银行OpenData(SP.DYN.LE00.IN, CHN)"
2019,综合,GDP增长率,亚太,4.0409,%,"来源：世界银行OpenData(NY.GDP.MKTP.KD.ZG, EAS)"
2020,综合,GDP增长率,亚太,-0.0907,%,"来源：世界银行OpenData(NY.GDP.MKTP.KD.ZG, EAS)"
2021,综合,GDP增长率,亚太,6.4804,%,"来源：世界银行OpenData(NY.GDP.MKTP.KD.ZG, EAS)"
2022,综合,GDP增长率,亚太,3.0516,%,"来源：世界银行OpenData(NY.GDP.MKTP.KD.ZG, EAS)"
2023,综合,GDP增长率,亚太,4.0712,%,"来源：世界银行OpenData(NY.GDP.MKTP.KD.ZG, EAS)"
2024,综合,GDP增长率,亚太,3.7253,%,"来源：世界银行OpenData(NY.GDP.MKTP.KD.ZG, EAS)"
2019,综合,人均GDP,亚太,11677.4429,美元,"来源：世界银行OpenData(NY.GDP.PCAP.CD, EAS)"
2020,综合,人均GDP,亚太,11697.5157,美元,"来源：世界银行OpenData(NY.GDP.PCAP.CD, EAS)"
2021,综合,人均GDP,亚太,13416.9773,美元,"来源：世界银行OpenData(NY.GDP.PCAP.CD, EAS)"
2022,综合,人均GDP,亚太,13219.5864,美元,"来源：世界银行OpenData(NY.GDP.PCAP.CD, EAS)"
2023,综合,人均GDP,亚太,13251.512,美元,"来源：世界银行OpenData(NY.GDP.PCAP.CD, EAS)"
2024,综合,人均GDP,亚太,13482.4789,美元,"来源：世界银行OpenData(NY.GDP.PCAP.CD, EAS)"
2019,综合,国内生产总值(GDP),亚太,275559.8832,亿美元,"来源：世界银行OpenData(NY.GDP.MKTP.CD, EAS)"
2020,综合,国内生产总值(GDP),亚太,277163.3792,亿美元,"来源：世界银行OpenData(NY.GDP.MKTP.CD, EAS)"
2021,综合,国内生产总值(GDP),亚太,318669.0059,亿美元,"来源：世界银行OpenData(NY.GDP.MKTP.CD, EAS)"
2022,综合,国内生产总值(GDP),亚太,314575.5399,亿美元,"来源：世界银行OpenData(NY.GDP.MKTP.CD, EAS)"
2023,综合,国内生产总值(GDP),亚太,315974.549,亿美元,"来源：世界银行OpenData(NY.GDP.MKTP.CD, EAS)"
2024,综合,国内生产总值(GDP),亚太,322004.6678,亿美元,"来源：世界银行OpenData(NY.GDP.MKTP.CD, EAS)"
2019,人口,失业率,亚太,3.8244,%,"来源：世界银行OpenData(SL.UEM.TOTL.ZS, EAS)"
2020,人口,失业率,亚太,4.2966,%,"来源：世界银行OpenData(SL.UEM.TOTL.ZS, EAS)"
2021,人口,失业率,亚太,4.0622,%,"来源：世界银行OpenData(SL.UEM.TOTL.ZS, EAS)"
2022,人口,失业率,亚太,4.1003,%,"来源：世界银行OpenData(SL.UEM.TOTL.ZS, EAS)"
2023,人口,失业率,亚太,3.8619,%,"来源：世界银行OpenData(SL.UEM.TOTL.ZS, EAS)"
2024,人口,失业率,亚太,3.8059,%,"来源：世界银行OpenData(SL.UEM.TOTL.ZS, EAS)"
2019,工业,工业增加值,亚太,94306.0311,亿美元,"来源：世界银行OpenData(NV.IND.TOTL.CD, EAS)"
2020,工业,工业增加值,亚太,93763.6418,亿美元,"来源：世界银行OpenData(NV.IND.TOTL.CD, EAS)"
2021,工业,工业增加值,亚太,110885.6059,亿美元,"来源：世界银行OpenData(NV.IND.TOTL.CD, EAS)"
2022,工业,工业增加值,亚太,109438.2622,亿美元,"来源：世界银行OpenData(NV.IND.TOTL.CD, EAS)"
2023,工业,工业增加值,亚太,107363.5474,亿美元,"来源：世界银行OpenData(NV.IND.TOTL.CD, EAS)"
2024,工业,工业增加值,亚太,108202.0288,亿美元,"来源：世界银行OpenData(NV.IND.TOTL.CD, EAS)"
2019,人口,总人口,亚太,23.5976,亿人,"来源：世界银行OpenData(SP.POP.TOTL, EAS)"
2020,人口,总人口,亚太,23.6942,亿人,"来源：世界银行OpenData(SP.POP.TOTL, EAS)"
2021,人口,总人口,亚太,23.7512,亿人,"来源：世界银行OpenData(SP.POP.TOTL, EAS)"
2022,人口,总人口,亚太,23.7962,亿人,"来源：世界银行OpenData(SP.POP.TOTL, EAS)"
2023,人口,总人口,亚太,23.8444,亿人,"来源：世界银行OpenData(SP.POP.TOTL, EAS)"
2024,人口,总人口,亚太,23.8832,亿人,"来源：世界银行OpenData(SP.POP.TOTL, EAS)"
2019,贸易,货物服务出口总额,亚太,75571.269,亿美元,"来源：世界银行OpenData(NE.EXP.GNFS.CD, EAS)"
2020,贸易,货物服务出口总额,亚太,72405.194,亿美元,"来源：世界银行OpenData(NE.EXP.GNFS.CD, EAS)"
2021,贸易,货物服务出口总额,亚太,90350.2063,亿美元,"来源：世界银行OpenData(NE.EXP.GNFS.CD, EAS)"
2022,贸易,货物服务出口总额,亚太,96907.4706,亿美元,"来源：世界银行OpenData(NE.EXP.GNFS.CD, EAS)"
2023,贸易,货物服务出口总额,亚太,93764.209,亿美元,"来源：世界银行OpenData(NE.EXP.GNFS.CD, EAS)"
2024,贸易,货物服务出口总额,亚太,100214.4075,亿美元,"来源：世界银行OpenData(NE.EXP.GNFS.CD, EAS)"
2019,贸易,货物服务进口总额,亚太,71383.6191,亿美元,"来源：世界银行OpenData(NE.IMP.GNFS.CD, EAS)"
2020,贸易,货物服务进口总额,亚太,65617.6802,亿美元,"来源：世界银行OpenData(NE.IMP.GNFS.CD, EAS)"
2021,贸易,货物服务进口总额,亚太,82478.8408,亿美元,"来源：世界银行OpenData(NE.IMP.GNFS.CD, EAS)"
2022,贸易,货物服务进口总额,亚太,89173.5345,亿美元,"来源：世界银行OpenData(NE.IMP.GNFS.CD, EAS)"
2023,贸易,货物服务进口总额,亚太,86552.418,亿美元,"来源：世界银行OpenData(NE.IMP.GNFS.CD, EAS)"
2024,贸易,货物服务进口总额,亚太,90361.8909,亿美元,"来源：世界银行OpenData(NE.IMP.GNFS.CD, EAS)"
2019,综合,通货膨胀率(CPI),亚太,1.7144,%,"来源：世界银行OpenData(FP.CPI.TOTL.ZG, EAS)"
2020,综合,通货膨胀率(CPI),亚太,0.8469,%,"来源：世界银行OpenData(FP.CPI.TOTL.ZG, EAS)"
2021,综合,通货膨胀率(CPI),亚太,2.4771,%,"来源：世界银行OpenData(FP.CPI.TOTL.ZG, EAS)"
2022,综合,通货膨胀率(CPI),亚太,5.5181,%,"来源：世界银行OpenData(FP.CPI.TOTL.ZG, EAS)"
2023,综合,通货膨胀率(CPI),亚太,4.2516,%,"来源：世界银行OpenData(FP.CPI.TOTL.ZG, EAS)"
2024,综合,通货膨胀率(CPI),亚太,2.2767,%,"来源：世界银行OpenData(FP.CPI.TOTL.ZG, EAS)"
2019,人口,预期寿命,亚太,76.5862,岁,"来源：世界银行OpenData(SP.DYN.LE00.IN, EAS)"
2020,人口,预期寿命,亚太,76.5434,岁,"来源：世界银行OpenData(SP.DYN.LE00.IN, EAS)"
2021,人口,预期寿命,亚太,76.1529,岁,"来源：世界银行OpenData(SP.DYN.LE00.IN, EAS)"
2022,人口,预期寿命,亚太,76.6767,岁,"来源：世界银行OpenData(SP.DYN.LE00.IN, EAS)"
2023,人口,预期寿命,亚太,76.6572,岁,"来源：世界银行OpenData(SP.DYN.LE00.IN, EAS)"
2024,人口,预期寿命,亚太,76.7379,岁,"来源：世界银行OpenData(SP.DYN.LE00.IN, EAS)"
2019,综合,GDP增长率,亚太(发展中),5.8849,%,"来源：世界银行OpenData(NY.GDP.MKTP.KD.ZG, EAP)"
2020,综合,GDP增长率,亚太(发展中),1.3434,%,"来源：世界银行OpenData(NY.GDP.MKTP.KD.ZG, EAP)"
2021,综合,GDP增长率,亚太(发展中),7.7202,%,"来源：世界银行OpenData(NY.GDP.MKTP.KD.ZG, EAP)"
2022,综合,GDP增长率,亚太(发展中),3.5492,%,"来源：世界银行OpenData(NY.GDP.MKTP.KD.ZG, EAP)"
2023,综合,GDP增长率,亚太(发展中),5.2601,%,"来源：世界银行OpenData(NY.GDP.MKTP.KD.ZG, EAP)"
2024,综合,GDP增长率,亚太(发展中),4.9541,%,"来源：世界银行OpenData(NY.GDP.MKTP.KD.ZG, EAP)"
2019,综合,人均GDP,亚太(发展中),8286.4575,美元,"来源：世界银行OpenData(NY.GDP.PCAP.CD, EAP)"
2020,综合,人均GDP,亚太(发展中),8391.239,美元,"来源：世界银行OpenData(NY.GDP.PCAP.CD, EAP)"
2021,综合,人均GDP,亚太(发展中),9974.5792,美元,"来源：世界银行OpenData(NY.GDP.PCAP.CD, EAP)"
2022,综合,人均GDP,亚太(发展中),10107.057,美元,"来源：世界银行OpenData(NY.GDP.PCAP.CD, EAP)"
2023,综合,人均GDP,亚太(发展中),10126.4304,美元,"来源：世界银行OpenData(NY.GDP.PCAP.CD, EAP)"
2024,综合,人均GDP,亚太(发展中),10391.1526,美元,"来源：世界银行OpenData(NY.GDP.PCAP.CD, EAP)"
2019,综合,国内生产总值(GDP),亚太(发展中),175034.004,亿美元,"来源：世界银行OpenData(NY.GDP.MKTP.CD, EAP)"
2020,综合,国内生产总值(GDP),亚太(发展中),178050.8716,亿美元,"来源：世界银行OpenData(NY.GDP.MKTP.CD, EAP)"
2021,综合,国内生产总值(GDP),亚太(发展中),212314.2786,亿美元,"来源：世界银行OpenData(NY.GDP.MKTP.CD, EAP)"
2022,综合,国内生产总值(GDP),亚太(发展中),215640.1656,亿美元,"来源：世界银行OpenData(NY.GDP.MKTP.CD, EAP)"
2023,综合,国内生产总值(GDP),亚太(发展中),216455.2605,亿美元,"来源：世界银行OpenData(NY.GDP.MKTP.CD, EAP)"
2024,综合,国内生产总值(GDP),亚太(发展中),222487.2814,亿美元,"来源：世界银行OpenData(NY.GDP.MKTP.CD, EAP)"
2019,人口,失业率,亚太(发展中),3.9043,%,"来源：世界银行OpenData(SL.UEM.TOTL.ZS, EAP)"
2020,人口,失业率,亚太(发展中),4.3694,%,"来源：世界银行OpenData(SL.UEM.TOTL.ZS, EAP)"
2021,人口,失业率,亚太(发展中),4.1333,%,"来源：世界银行OpenData(SL.UEM.TOTL.ZS, EAP)"
2022,人口,失业率,亚太(发展中),4.2349,%,"来源：世界银行OpenData(SL.UEM.TOTL.ZS, EAP)"
2023,人口,失业率,亚太(发展中),3.9771,%,"来源：世界银行OpenData(SL.UEM.TOTL.ZS, EAP)"
2024,人口,失业率,亚太(发展中),3.9137,%,"来源：世界银行OpenData(SL.UEM.TOTL.ZS, EAP)"
2019,工业,工业增加值,亚太(发展中),65664.0892,亿美元,"来源：世界银行OpenData(NV.IND.TOTL.CD, EAP)"
2020,工业,工业增加值,亚太(发展中),65314.4226,亿美元,"来源：世界银行OpenData(NV.IND.TOTL.CD, EAP)"
2021,工业,工业增加值,亚太(发展中),80508.9211,亿美元,"来源：世界银行OpenData(NV.IND.TOTL.CD, EAP)"
2022,工业,工业增加值,亚太(发展中),81769.2629,亿美元,"来源：世界银行OpenData(NV.IND.TOTL.CD, EAP)"
2023,工业,工业增加值,亚太(发展中),79563.1362,亿美元,"来源：世界银行OpenData(NV.IND.TOTL.CD, EAP)"
2024,工业,工业增加值,亚太(发展中),80770.6507,亿美元,"来源：世界银行OpenData(NV.IND.TOTL.CD, EAP)"
2019,人口,总人口,亚太(发展中),21.1229,亿人,"来源：世界银行OpenData(SP.POP.TOTL, EAP)"
2020,人口,总人口,亚太(发展中),21.2187,亿人,"来源：世界银行OpenData(SP.POP.TOTL, EAP)"
2021,人口,总人口,亚太(发展中),21.2855,亿人,"来源：世界银行OpenData(SP.POP.TOTL, EAP)"
2022,人口,总人口,亚太(发展中),21.3356,亿人,"来源：世界银行OpenData(SP.POP.TOTL, EAP)"
2023,人口,总人口,亚太(发展中),21.3753,亿人,"来源：世界银行OpenData(SP.POP.TOTL, EAP)"
2024,人口,总人口,亚太(发展中),21.4112,亿人,"来源：世界银行OpenData(SP.POP.TOTL, EAP)"
2019,贸易,货物服务出口总额,亚太(发展中),38730.2527,亿美元,"来源：世界银行OpenData(NE.EXP.GNFS.CD, EAP)"
2020,贸易,货物服务出口总额,亚太(发展中),38395.1542,亿美元,"来源：世界银行OpenData(NE.EXP.GNFS.CD, EAP)"
2021,贸易,货物服务出口总额,亚太(发展中),48827.9676,亿美元,"来源：世界银行OpenData(NE.EXP.GNFS.CD, EAP)"
2022,贸易,货物服务出口总额,亚太(发展中),52612.1505,亿美元,"来源：世界银行OpenData(NE.EXP.GNFS.CD, EAP)"
2023,贸易,货物服务出口总额,亚太(发展中),50463.6512,亿美元,"来源：世界银行OpenData(NE.EXP.GNFS.CD, EAP)"
2024,贸易,货物服务出口总额,亚太(发展中),54647.0279,亿美元,"来源：世界银行OpenData(NE.EXP.GNFS.CD, EAP)"
2019,贸易,货物服务进口总额,亚太(发展中),37196.1284,亿美元,"来源：世界银行OpenData(NE.IMP.GNFS.CD, EAP)"
2020,贸易,货物服务进口总额,亚太(发展中),34620.8764,亿美元,"来源：世界银行OpenData(NE.IMP.GNFS.CD, EAP)"
2021,贸易,货物服务进口总额,亚太(发展中),44745.2261,亿美元,"来源：世界银行OpenData(NE.IMP.GNFS.CD, EAP)"
2022,贸易,货物服务进口总额,亚太(发展中),47162.9127,亿美元,"来源：世界银行OpenData(NE.IMP.GNFS.CD, EAP)"
2023,贸易,货物服务进口总额,亚太(发展中),46440.4014,亿美元,"来源：世界银行OpenData(NE.IMP.GNFS.CD, EAP)"
2024,贸易,货物服务进口总额,亚太(发展中),48970.255,亿美元,"来源：世界银行OpenData(NE.IMP.GNFS.CD, EAP)"
2019,综合,通货膨胀率(CPI),亚太(发展中),1.9426,%,"来源：世界银行OpenData(FP.CPI.TOTL.ZG, EAP)"
2020,综合,通货膨胀率(CPI),亚太(发展中),2.4063,%,"来源：世界银行OpenData(FP.CPI.TOTL.ZG, EAP)"
2021,综合,通货膨胀率(CPI),亚太(发展中),2.6989,%,"来源：世界银行OpenData(FP.CPI.TOTL.ZG, EAP)"
2022,综合,通货膨胀率(CPI),亚太(发展中),5.6696,%,"来源：世界银行OpenData(FP.CPI.TOTL.ZG, EAP)"
2023,综合,通货膨胀率(CPI),亚太(发展中),5.8859,%,"来源：世界银行OpenData(FP.CPI.TOTL.ZG, EAP)"
2024,综合,通货膨胀率(CPI),亚太(发展中),2.1815,%,"来源：世界银行OpenData(FP.CPI.TOTL.ZG, EAP)"
2019,人口,预期寿命,亚太(发展中),75.769,岁,"来源：世界银行OpenData(SP.DYN.LE00.IN, EAP)"
2020,人口,预期寿命,亚太(发展中),75.6976,岁,"来源：世界银行OpenData(SP.DYN.LE00.IN, EAP)"
2021,人口,预期寿命,亚太(发展中),75.2781,岁,"来源：世界银行OpenData(SP.DYN.LE00.IN, EAP)"
2022,人口,预期寿命,亚太(发展中),75.9325,岁,"来源：世界银行OpenData(SP.DYN.LE00.IN, EAP)"
2023,人口,预期寿命,亚太(发展中),75.8807,岁,"来源：世界银行OpenData(SP.DYN.LE00.IN, EAP)"
2024,人口,预期寿命,亚太(发展中),75.9593,岁,"来源：世界银行OpenData(SP.DYN.LE00.IN, EAP)"
2019,综合,GDP增长率,印度,3.8714,%,"来源：世界银行OpenData(NY.GDP.MKTP.KD.ZG, IND)"
2020,综合,GDP增长率,印度,-5.7777,%,"来源：世界银行OpenData(NY.GDP.MKTP.KD.ZG, IND)"
2021,综合,GDP增长率,印度,9.6896,%,"来源：世界银行OpenData(NY.GDP.MKTP.KD.ZG, IND)"
2022,综合,GDP增长率,印度,7.6094,%,"来源：世界银行OpenData(NY.GDP.MKTP.KD.ZG, IND)"
2023,综合,GDP增长率,印度,7.2102,%,"来源：世界银行OpenData(NY.GDP.MKTP.KD.ZG, IND)"
2024,综合,GDP增长率,印度,7.0993,%,"来源：世界银行OpenData(NY.GDP.MKTP.KD.ZG, IND)"
2019,综合,人均GDP,印度,2041.4286,美元,"来源：世界银行OpenData(NY.GDP.PCAP.CD, IND)"
2020,综合,人均GDP,印度,1907.0425,美元,"来源：世界银行OpenData(NY.GDP.PCAP.CD, IND)"
2021,综合,人均GDP,印度,2239.6138,美元,"来源：世界银行OpenData(NY.GDP.PCAP.CD, IND)"
2022,综合,人均GDP,印度,2279.9815,美元,"来源：世界银行OpenData(NY.GDP.PCAP.CD, IND)"
2023,综合,人均GDP,印度,2434.4483,美元,"来源：世界银行OpenData(NY.GDP.PCAP.CD, IND)"
2024,综合,人均GDP,印度,2591.9917,美元,"来源：世界银行OpenData(NY.GDP.PCAP.CD, IND)"
2019,综合,国内生产总值(GDP),印度,28356.0626,亿美元,"来源：世界银行OpenData(NY.GDP.MKTP.CD, IND)"
2020,综合,国内生产总值(GDP),印度,26748.5158,亿美元,"来源：世界银行OpenData(NY.GDP.MKTP.CD, IND)"
2021,综合,国内生产总值(GDP),印度,31672.7062,亿美元,"来源：世界银行OpenData(NY.GDP.MKTP.CD, IND)"
2022,综合,国内生产总值(GDP),印度,32499.3849,亿美元,"来源：世界银行OpenData(NY.GDP.MKTP.CD, IND)"
2023,综合,国内生产总值(GDP),印度,35009.0603,亿美元,"来源：世界银行OpenData(NY.GDP.MKTP.CD, IND)"
2024,综合,国内生产总值(GDP),印度,37608.1347,亿美元,"来源：世界银行OpenData(NY.GDP.MKTP.CD, IND)"
2019,人口,失业率,印度,6.51,%,"来源：世界银行OpenData(SL.UEM.TOTL.ZS, IND)"
2020,人口,失业率,印度,7.859,%,"来源：世界银行OpenData(SL.UEM.TOTL.ZS, IND)"
2021,人口,失业率,印度,6.38,%,"来源：世界银行OpenData(SL.UEM.TOTL.ZS, IND)"
2022,人口,失业率,印度,4.822,%,"来源：世界银行OpenData(SL.UEM.TOTL.ZS, IND)"
2023,人口,失业率,印度,4.172,%,"来源：世界银行OpenData(SL.UEM.TOTL.ZS, IND)"
2024,人口,失业率,印度,4.173,%,"来源：世界银行OpenData(SL.UEM.TOTL.ZS, IND)"
2019,工业,工业增加值,印度,6973.1741,亿美元,"来源：世界银行OpenData(NV.IND.TOTL.CD, IND)"
2020,工业,工业增加值,印度,6720.0044,亿美元,"来源：世界银行OpenData(NV.IND.TOTL.CD, IND)"
2021,工业,工业增加值,印度,8382.6643,亿美元,"来源：世界银行OpenData(NV.IND.TOTL.CD, IND)"
2022,工业,工业增加值,印度,8321.151,亿美元,"来源：世界银行OpenData(NV.IND.TOTL.CD, IND)"
2023,工业,工业增加值,印度,8945.7096,亿美元,"来源：世界银行OpenData(NV.IND.TOTL.CD, IND)"
2024,工业,工业增加值,印度,9466.8184,亿美元,"来源：世界银行OpenData(NV.IND.TOTL.CD, IND)"
2019,人口,总人口,印度,13.8903,亿人,"来源：世界银行OpenData(SP.POP.TOTL, IND)"
2020,人口,总人口,印度,14.0262,亿人,"来源：世界银行OpenData(SP.POP.TOTL, IND)"
2021,人口,总人口,印度,14.142,亿人,"来源：世界银行OpenData(SP.POP.TOTL, IND)"
2022,人口,总人口,印度,14.2542,亿人,"来源：世界银行OpenData(SP.POP.TOTL, IND)"
2023,人口,总人口,印度,14.3807,亿人,"来源：世界银行OpenData(SP.POP.TOTL, IND)"
2024,人口,总人口,印度,14.5094,亿人,"来源：世界银行OpenData(SP.POP.TOTL, IND)"
2019,贸易,货物服务出口总额,印度,5292.4506,亿美元,"来源：世界银行OpenData(NE.EXP.GNFS.CD, IND)"
2020,贸易,货物服务出口总额,印度,4997.2853,亿美元,"来源：世界银行OpenData(NE.EXP.GNFS.CD, IND)"
2021,贸易,货物服务出口总额,印度,6777.6926,亿美元,"来源：世界银行OpenData(NE.EXP.GNFS.CD, IND)"
2022,贸易,货物服务出口总额,印度,7812.9079,亿美元,"来源：世界银行OpenData(NE.EXP.GNFS.CD, IND)"
2023,贸易,货物服务出口总额,印度,7826.2061,亿美元,"来源：世界银行OpenData(NE.EXP.GNFS.CD, IND)"
2024,贸易,货物服务出口总额,印度,8297.8519,亿美元,"来源：世界银行OpenData(NE.EXP.GNFS.CD, IND)"
2019,贸易,货物服务进口总额,印度,6023.1506,亿美元,"来源：世界银行OpenData(NE.IMP.GNFS.CD, IND)"
2020,贸易,货物服务进口总额,印度,5102.4475,亿美元,"来源：世界银行OpenData(NE.IMP.GNFS.CD, IND)"
2021,贸易,货物服务进口总额,印度,7609.0289,亿美元,"来源：世界银行OpenData(NE.IMP.GNFS.CD, IND)"
2022,贸易,货物服务进口总额,印度,8663.6102,亿美元,"来源：世界银行OpenData(NE.IMP.GNFS.CD, IND)"
2023,贸易,货物服务进口总额,印度,8391.0241,亿美元,"来源：世界银行OpenData(NE.IMP.GNFS.CD, IND)"
2024,贸易,货物服务进口总额,印度,8970.559,亿美元,"来源：世界银行OpenData(NE.IMP.GNFS.CD, IND)"
2019,综合,通货膨胀率(CPI),印度,3.7295,%,"来源：世界银行OpenData(FP.CPI.TOTL.ZG, IND)"
2020,综合,通货膨胀率(CPI),印度,6.6234,%,"来源：世界银行OpenData(FP.CPI.TOTL.ZG, IND)"
2021,综合,通货膨胀率(CPI),印度,5.1314,%,"来源：世界银行OpenData(FP.CPI.TOTL.ZG, IND)"
2022,综合,通货膨胀率(CPI),印度,6.699,%,"来源：世界银行OpenData(FP.CPI.TOTL.ZG, IND)"
2023,综合,通货膨胀率(CPI),印度,5.6491,%,"来源：世界银行OpenData(FP.CPI.TOTL.ZG, IND)"
2024,综合,通货膨胀率(CPI),印度,4.953,%,"来源：世界银行OpenData(FP.CPI.TOTL.ZG, IND)"
2019,人口,预期寿命,印度,70.746,岁,"来源：世界银行OpenData(SP.DYN.LE00.IN, IND)"
2020,人口,预期寿命,印度,70.156,岁,"来源：世界银行OpenData(SP.DYN.LE00.IN, IND)"
2021,人口,预期寿命,印度,67.282,岁,"来源：世界银行OpenData(SP.DYN.LE00.IN, IND)"
2022,人口,预期寿命,印度,71.698,岁,"来源：世界银行OpenData(SP.DYN.LE00.IN, IND)"
2023,人口,预期寿命,印度,72.003,岁,"来源：世界银行OpenData(SP.DYN.LE00.IN, IND)"
2024,人口,预期寿命,印度,72.235,岁,"来源：世界银行OpenData(SP.DYN.LE00.IN, IND)"
2019,综合,GDP增长率,印度尼西亚,5.0193,%,"来源：世界银行OpenData(NY.GDP.MKTP.KD.ZG, IDN)"
2020,综合,GDP增长率,印度尼西亚,-2.0655,%,"来源：世界银行OpenData(NY.GDP.MKTP.KD.ZG, IDN)"
2021,综合,GDP增长率,印度尼西亚,3.7029,%,"来源：世界银行OpenData(NY.GDP.MKTP.KD.ZG, IDN)"
2022,综合,GDP增长率,印度尼西亚,5.3072,%,"来源：世界银行OpenData(NY.GDP.MKTP.KD.ZG, IDN)"
2023,综合,GDP增长率,印度尼西亚,5.0488,%,"来源：世界银行OpenData(NY.GDP.MKTP.KD.ZG, IDN)"
2024,综合,GDP增长率,印度尼西亚,5.0326,%,"来源：世界银行OpenData(NY.GDP.MKTP.KD.ZG, IDN)"
2019,综合,人均GDP,印度尼西亚,4106.9486,美元,"来源：世界银行OpenData(NY.GDP.PCAP.CD, IDN)"
2020,综合,人均GDP,印度尼西亚,3853.7029,美元,"来源：世界银行OpenData(NY.GDP.PCAP.CD, IDN)"
2021,综合,人均GDP,印度尼西亚,4287.1731,美元,"来源：世界银行OpenData(NY.GDP.PCAP.CD, IDN)"
2022,综合,人均GDP,印度尼西亚,4730.8348,美元,"来源：世界银行OpenData(NY.GDP.PCAP.CD, IDN)"
2023,综合,人均GDP,印度尼西亚,4876.2993,美元,"来源：世界银行OpenData(NY.GDP.PCAP.CD, IDN)"
2024,综合,人均GDP,印度尼西亚,4925.4364,美元,"来源：世界银行OpenData(NY.GDP.PCAP.CD, IDN)"
2019,综合,国内生产总值(GDP),印度尼西亚,11190.9987,亿美元,"来源：世界银行OpenData(NY.GDP.MKTP.CD, IDN)"
2020,综合,国内生产总值(GDP),印度尼西亚,10590.5484,亿美元,"来源：世界银行OpenData(NY.GDP.MKTP.CD, IDN)"
2021,综合,国内生产总值(GDP),印度尼西亚,11865.0969,亿美元,"来源：世界银行OpenData(NY.GDP.MKTP.CD, IDN)"
2022,综合,国内生产总值(GDP),印度尼西亚,13191.0118,亿美元,"来源：世界银行OpenData(NY.GDP.MKTP.CD, IDN)"
2023,综合,国内生产总值(GDP),印度尼西亚,13711.6693,亿美元,"来源：世界银行OpenData(NY.GDP.MKTP.CD, IDN)"
2024,综合,国内生产总值(GDP),印度尼西亚,13963.0179,亿美元,"来源：世界银行OpenData(NY.GDP.MKTP.CD, IDN)"
2019,人口,失业率,印度尼西亚,3.59,%,"来源：世界银行OpenData(SL.UEM.TOTL.ZS, IDN)"
2020,人口,失业率,印度尼西亚,4.255,%,"来源：世界银行OpenData(SL.UEM.TOTL.ZS, IDN)"
2021,人口,失业率,印度尼西亚,3.827,%,"来源：世界银行OpenData(SL.UEM.TOTL.ZS, IDN)"
2022,人口,失业率,印度尼西亚,3.462,%,"来源：世界银行OpenData(SL.UEM.TOTL.ZS, IDN)"
2023,人口,失业率,印度尼西亚,3.308,%,"来源：世界银行OpenData(SL.UEM.TOTL.ZS, IDN)"
2024,人口,失业率,印度尼西亚,3.301,%,"来源：世界银行OpenData(SL.UEM.TOTL.ZS, IDN)"
2019,工业,工业增加值,印度尼西亚,4359.0919,亿美元,"来源：世界银行OpenData(NV.IND.TOTL.CD, IDN)"
2020,工业,工业增加值,印度尼西亚,4049.6556,亿美元,"来源：世界银行OpenData(NV.IND.TOTL.CD, IDN)"
2021,工业,工业增加值,印度尼西亚,4727.6264,亿美元,"来源：世界银行OpenData(NV.IND.TOTL.CD, IDN)"
2022,工业,工业增加值,印度尼西亚,5464.9391,亿美元,"来源：世界银行OpenData(NV.IND.TOTL.CD, IDN)"
2023,工业,工业增加值,印度尼西亚,5514.2509,亿美元,"来源：世界银行OpenData(NV.IND.TOTL.CD, IDN)"
2024,工业,工业增加值,印度尼西亚,5490.0402,亿美元,"来源：世界银行OpenData(NV.IND.TOTL.CD, IDN)"
2019,人口,总人口,印度尼西亚,2.7249,亿人,"来源：世界银行OpenData(SP.POP.TOTL, IDN)"
2020,人口,总人口,印度尼西亚,2.7481,亿人,"来源：世界银行OpenData(SP.POP.TOTL, IDN)"
2021,人口,总人口,印度尼西亚,2.7676,亿人,"来源：世界银行OpenData(SP.POP.TOTL, IDN)"
2022,人口,总人口,印度尼西亚,2.7883,亿人,"来源：世界银行OpenData(SP.POP.TOTL, IDN)"
2023,人口,总人口,印度尼西亚,2.8119,亿人,"来源：世界银行OpenData(SP.POP.TOTL, IDN)"
2024,人口,总人口,印度尼西亚,2.8349,亿人,"来源：世界银行OpenData(SP.POP.TOTL, IDN)"
2019,贸易,货物服务出口总额,印度尼西亚,2080.5776,亿美元,"来源：世界银行OpenData(NE.EXP.GNFS.CD, IDN)"
2020,贸易,货物服务出口总额,印度尼西亚,1835.4658,亿美元,"来源：世界银行OpenData(NE.EXP.GNFS.CD, IDN)"
2021,贸易,货物服务出口总额,印度尼西亚,2541.0951,亿美元,"来源：世界银行OpenData(NE.EXP.GNFS.CD, IDN)"
2022,贸易,货物服务出口总额,印度尼西亚,3232.182,亿美元,"来源：世界银行OpenData(NE.EXP.GNFS.CD, IDN)"
2023,贸易,货物服务出口总额,印度尼西亚,2990.3181,亿美元,"来源：世界银行OpenData(NE.EXP.GNFS.CD, IDN)"
2024,贸易,货物服务出口总额,印度尼西亚,3115.1002,亿美元,"来源：世界银行OpenData(NE.EXP.GNFS.CD, IDN)"
2019,贸易,货物服务进口总额,印度尼西亚,2130.3465,亿美元,"来源：世界银行OpenData(NE.IMP.GNFS.CD, IDN)"
2020,贸易,货物服务进口总额,印度尼西亚,1656.4684,亿美元,"来源：世界银行OpenData(NE.IMP.GNFS.CD, IDN)"
2021,贸易,货物服务进口总额,印度尼西亚,2229.2385,亿美元,"来源：世界银行OpenData(NE.IMP.GNFS.CD, IDN)"
2022,贸易,货物服务进口总额,印度尼西亚,2765.068,亿美元,"来源：世界银行OpenData(NE.IMP.GNFS.CD, IDN)"
2023,贸易,货物服务进口总额,印度尼西亚,2694.6054,亿美元,"来源：世界银行OpenData(NE.IMP.GNFS.CD, IDN)"
2024,贸易,货物服务进口总额,印度尼西亚,2862.459,亿美元,"来源：世界银行OpenData(NE.IMP.GNFS.CD, IDN)"
2019,综合,通货膨胀率(CPI),印度尼西亚,3.0306,%,"来源：世界银行OpenData(FP.CPI.TOTL.ZG, IDN)"
2020,综合,通货膨胀率(CPI),印度尼西亚,1.9198,%,"来源：世界银行OpenData(FP.CPI.TOTL.ZG, IDN)"
2021,综合,通货膨胀率(CPI),印度尼西亚,1.5601,%,"来源：世界银行OpenData(FP.CPI.TOTL.ZG, IDN)"
2022,综合,通货膨胀率(CPI),印度尼西亚,4.2095,%,"来源：世界银行OpenData(FP.CPI.TOTL.ZG, IDN)"
2023,综合,通货膨胀率(CPI),印度尼西亚,3.6694,%,"来源：世界银行OpenData(FP.CPI.TOTL.ZG, IDN)"
2024,综合,通货膨胀率(CPI),印度尼西亚,2.1815,%,"来源：世界银行OpenData(FP.CPI.TOTL.ZG, IDN)"
2019,人口,预期寿命,印度尼西亚,70.349,岁,"来源：世界银行OpenData(SP.DYN.LE00.IN, IDN)"
2020,人口,预期寿命,印度尼西亚,68.817,岁,"来源：世界银行OpenData(SP.DYN.LE00.IN, IDN)"
2021,人口,预期寿命,印度尼西亚,67.452,岁,"来源：世界银行OpenData(SP.DYN.LE00.IN, IDN)"
2022,人口,预期寿命,印度尼西亚,70.925,岁,"来源：世界银行OpenData(SP.DYN.LE00.IN, IDN)"
2023,人口,预期寿命,印度尼西亚,71.146,岁,"来源：世界银行OpenData(SP.DYN.LE00.IN, IDN)"
2024,人口,预期寿命,印度尼西亚,71.288,岁,"来源：世界银行OpenData(SP.DYN.LE00.IN, IDN)"
2019,综合,GDP增长率,新加坡,1.1588,%,"来源：世界银行OpenData(NY.GDP.MKTP.KD.ZG, SGP)"
2020,综合,GDP增长率,新加坡,-3.6108,%,"来源：世界银行OpenData(NY.GDP.MKTP.KD.ZG, SGP)"
2021,综合,GDP增长率,新加坡,10.1411,%,"来源：世界银行OpenData(NY.GDP.MKTP.KD.ZG, SGP)"
2022,综合,GDP增长率,新加坡,4.0103,%,"来源：世界银行OpenData(NY.GDP.MKTP.KD.ZG, SGP)"
2023,综合,GDP增长率,新加坡,1.4503,%,"来源：世界银行OpenData(NY.GDP.MKTP.KD.ZG, SGP)"
2024,综合,GDP增长率,新加坡,5.3435,%,"来源：世界银行OpenData(NY.GDP.MKTP.KD.ZG, SGP)"
2019,综合,人均GDP,新加坡,66068.7003,美元,"来源：世界银行OpenData(NY.GDP.PCAP.CD, SGP)"
2020,综合,人均GDP,新加坡,61772.5036,美元,"来源：世界银行OpenData(NY.GDP.PCAP.CD, SGP)"
2021,综合,人均GDP,新加坡,80884.8565,美元,"来源：世界银行OpenData(NY.GDP.PCAP.CD, SGP)"
2022,综合,人均GDP,新加坡,91227.697,美元,"来源：世界银行OpenData(NY.GDP.PCAP.CD, SGP)"
2023,综合,人均GDP,新加坡,86382.59,美元,"来源：世界银行OpenData(NY.GDP.PCAP.CD, SGP)"
2024,综合,人均GDP,新加坡,94896.5621,美元,"来源：世界银行OpenData(NY.GDP.PCAP.CD, SGP)"
2019,综合,国内生产总值(GDP),新加坡,3768.2739,亿美元,"来源：世界银行OpenData(NY.GDP.MKTP.CD, SGP)"
2020,综合,国内生产总值(GDP),新加坡,3512.2653,亿美元,"来源：世界银行OpenData(NY.GDP.MKTP.CD, SGP)"
2021,综合,国内生产总值(GDP),新加坡,4411.109,亿美元,"来源：世界银行OpenData(NY.GDP.MKTP.CD, SGP)"
2022,综合,国内生产总值(GDP),新加坡,5142.5254,亿美元,"来源：世界银行OpenData(NY.GDP.MKTP.CD, SGP)"
2023,综合,国内生产总值(GDP),新加坡,5111.8176,亿美元,"来源：世界银行OpenData(NY.GDP.MKTP.CD, SGP)"
2024,综合,国内生产总值(GDP),新加坡,5728.7726,亿美元,"来源：世界银行OpenData(NY.GDP.MKTP.CD, SGP)"
2019,人口,失业率,新加坡,3.1,%,"来源：世界银行OpenData(SL.UEM.TOTL.ZS, SGP)"
2020,人口,失业率,新加坡,4.1,%,"来源：世界银行OpenData(SL.UEM.TOTL.ZS, SGP)"
2021,人口,失业率,新加坡,4.64,%,"来源：世界银行OpenData(SL.UEM.TOTL.ZS, SGP)"
2022,人口,失业率,新加坡,3.591,%,"来源：世界银行OpenData(SL.UEM.TOTL.ZS, SGP)"
2023,人口,失业率,新加坡,3.444,%,"来源：世界银行OpenData(SL.UEM.TOTL.ZS, SGP)"
2024,人口,失业率,新加坡,2.737,%,"来源：世界银行OpenData(SL.UEM.TOTL.ZS, SGP)"
2019,工业,工业增加值,新加坡,902.6506,亿美元,"来源：世界银行OpenData(NV.IND.TOTL.CD, SGP)"
2020,工业,工业增加值,新加坡,815.5771,亿美元,"来源：世界银行OpenData(NV.IND.TOTL.CD, SGP)"
2021,工业,工业增加值,新加坡,1082.985,亿美元,"来源：世界银行OpenData(NV.IND.TOTL.CD, SGP)"
2022,工业,工业增加值,新加坡,1225.9385,亿美元,"来源：世界银行OpenData(NV.IND.TOTL.CD, SGP)"
2023,工业,工业增加值,新加坡,1131.6975,亿美元,"来源：世界银行OpenData(NV.IND.TOTL.CD, SGP)"
2024,工业,工业增加值,新加坡,1228.8486,亿美元,"来源：世界银行OpenData(NV.IND.TOTL.CD, SGP)"
2019,人口,总人口,新加坡,0.057,亿人,"来源：世界银行OpenData(SP.POP.TOTL, SGP)"
2020,人口,总人口,新加坡,0.0569,亿人,"来源：世界银行OpenData(SP.POP.TOTL, SGP)"
2021,人口,总人口,新加坡,0.0545,亿人,"来源：世界银行OpenData(SP.POP.TOTL, SGP)"
2022,人口,总人口,新加坡,0.0564,亿人,"来源：世界银行OpenData(SP.POP.TOTL, SGP)"
2023,人口,总人口,新加坡,0.0592,亿人,"来源：世界银行OpenData(SP.POP.TOTL, SGP)"
2024,人口,总人口,新加坡,0.0604,亿人,"来源：世界银行OpenData(SP.POP.TOTL, SGP)"
2019,贸易,货物服务出口总额,新加坡,6663.0258,亿美元,"来源：世界银行OpenData(NE.EXP.GNFS.CD, SGP)"
2020,贸易,货物服务出口总额,新加坡,6363.5216,亿美元,"来源：世界银行OpenData(NE.EXP.GNFS.CD, SGP)"
2021,贸易,货物服务出口总额,新加坡,7991.1342,亿美元,"来源：世界银行OpenData(NE.EXP.GNFS.CD, SGP)"
2022,贸易,货物服务出口总额,新加坡,9514.2199,亿美元,"来源：世界银行OpenData(NE.EXP.GNFS.CD, SGP)"
2023,贸易,货物服务出口总额,新加坡,9223.2532,亿美元,"来源：世界银行OpenData(NE.EXP.GNFS.CD, SGP)"
2024,贸易,货物服务出口总额,新加坡,10005.6367,亿美元,"来源：世界银行OpenData(NE.EXP.GNFS.CD, SGP)"
2019,贸易,货物服务进口总额,新加坡,5556.3593,亿美元,"来源：世界银行OpenData(NE.IMP.GNFS.CD, SGP)"
2020,贸易,货物服务进口总额,新加坡,5264.906,亿美元,"来源：世界银行OpenData(NE.IMP.GNFS.CD, SGP)"
2021,贸易,货物服务进口总额,新加坡,6412.6037,亿美元,"来源：世界银行OpenData(NE.IMP.GNFS.CD, SGP)"
2022,贸易,货物服务进口总额,新加坡,7468.8115,亿美元,"来源：世界银行OpenData(NE.IMP.GNFS.CD, SGP)"
2023,贸易,货物服务进口总额,新加坡,7323.7628,亿美元,"来源：世界银行OpenData(NE.IMP.GNFS.CD, SGP)"
2024,贸易,货物服务进口总额,新加坡,7942.5721,亿美元,"来源：世界银行OpenData(NE.IMP.GNFS.CD, SGP)"
2019,综合,通货膨胀率(CPI),新加坡,0.5678,%,"来源：世界银行OpenData(FP.CPI.TOTL.ZG, SGP)"
2020,综合,通货膨胀率(CPI),新加坡,-0.1721,%,"来源：世界银行OpenData(FP.CPI.TOTL.ZG, SGP)"
2021,综合,通货膨胀率(CPI),新加坡,2.3161,%,"来源：世界银行OpenData(FP.CPI.TOTL.ZG, SGP)"
2022,综合,通货膨胀率(CPI),新加坡,6.131,%,"来源：世界银行OpenData(FP.CPI.TOTL.ZG, SGP)"
2023,综合,通货膨胀率(CPI),新加坡,4.8337,%,"来源：世界银行OpenData(FP.CPI.TOTL.ZG, SGP)"
2024,综合,通货膨胀率(CPI),新加坡,2.3895,%,"来源：世界银行OpenData(FP.CPI.TOTL.ZG, SGP)"
2019,人口,预期寿命,新加坡,83.5951,岁,"来源：世界银行OpenData(SP.DYN.LE00.IN, SGP)"
2020,人口,预期寿命,新加坡,83.5439,岁,"来源：世界银行OpenData(SP.DYN.LE00.IN, SGP)"
2021,人口,预期寿命,新加坡,83.0927,岁,"来源：世界银行OpenData(SP.DYN.LE00.IN, SGP)"
2022,人口,预期寿命,新加坡,82.8951,岁,"来源：世界银行OpenData(SP.DYN.LE00.IN, SGP)"
2023,人口,预期寿命,新加坡,83.0976,岁,"来源：世界银行OpenData(SP.DYN.LE00.IN, SGP)"
2024,人口,预期寿命,新加坡,83.3463,岁,"来源：世界银行OpenData(SP.DYN.LE00.IN, SGP)"
2019,综合,GDP增长率,日本,-0.3085,%,"来源：世界银行OpenData(NY.GDP.MKTP.KD.ZG, JPN)"
2020,综合,GDP增长率,日本,-4.2833,%,"来源：世界银行OpenData(NY.GDP.MKTP.KD.ZG, JPN)"
2021,综合,GDP增长率,日本,3.5642,%,"来源：世界银行OpenData(NY.GDP.MKTP.KD.ZG, JPN)"
2022,综合,GDP增长率,日本,1.3316,%,"来源：世界银行OpenData(NY.GDP.MKTP.KD.ZG, JPN)"
2023,综合,GDP增长率,日本,0.7208,%,"来源：世界银行OpenData(NY.GDP.MKTP.KD.ZG, JPN)"
2024,综合,GDP增长率,日本,-0.2401,%,"来源：世界银行OpenData(NY.GDP.MKTP.KD.ZG, JPN)"
2019,综合,人均GDP,日本,41424.8656,美元,"来源：世界银行OpenData(NY.GDP.PCAP.CD, JPN)"
2020,综合,人均GDP,日本,41098.9739,美元,"来源：世界银行OpenData(NY.GDP.PCAP.CD, JPN)"
2021,综合,人均GDP,日本,41580.739,美元,"来源：世界银行OpenData(NY.GDP.PCAP.CD, JPN)"
2022,综合,人均GDP,日本,35548.2645,美元,"来源：世界银行OpenData(NY.GDP.PCAP.CD, JPN)"
2023,综合,人均GDP,日本,35215.0035,美元,"来源：世界银行OpenData(NY.GDP.PCAP.CD, JPN)"
2024,综合,人均GDP,日本,33797.1014,美元,"来源：世界银行OpenData(NY.GDP.PCAP.CD, JPN)"
2019,综合,国内生产总值(GDP),日本,52457.55,亿美元,"来源：世界银行OpenData(NY.GDP.MKTP.CD, JPN)"
2020,综合,国内生产总值(GDP),日本,51891.9754,亿美元,"来源：世界银行OpenData(NY.GDP.MKTP.CD, JPN)"
2021,综合,国内生产总值(GDP),日本,52259.3352,亿美元,"来源：世界银行OpenData(NY.GDP.MKTP.CD, JPN)"
2022,综合,国内生产总值(GDP),日本,44479.7621,亿美元,"来源：世界银行OpenData(NY.GDP.MKTP.CD, JPN)"
2023,综合,国内生产总值(GDP),日本,43848.5427,亿美元,"来源：世界银行OpenData(NY.GDP.MKTP.CD, JPN)"
2024,综合,国内生产总值(GDP),日本,41900.0819,亿美元,"来源：世界银行OpenData(NY.GDP.MKTP.CD, JPN)"
2019,人口,失业率,日本,2.351,%,"来源：世界银行OpenData(SL.UEM.TOTL.ZS, JPN)"
2020,人口,失业率,日本,2.809,%,"来源：世界银行OpenData(SL.UEM.TOTL.ZS, JPN)"
2021,人口,失业率,日本,2.808,%,"来源：世界银行OpenData(SL.UEM.TOTL.ZS, JPN)"
2022,人口,失业率,日本,2.614,%,"来源：世界银行OpenData(SL.UEM.TOTL.ZS, JPN)"
2023,人口,失业率,日本,2.6,%,"来源：世界银行OpenData(SL.UEM.TOTL.ZS, JPN)"
2024,人口,失业率,日本,2.5,%,"来源：世界银行OpenData(SL.UEM.TOTL.ZS, JPN)"
2019,工业,工业增加值,日本,15274.3703,亿美元,"来源：世界银行OpenData(NV.IND.TOTL.CD, JPN)"
2020,工业,工业增加值,日本,15041.3981,亿美元,"来源：世界银行OpenData(NV.IND.TOTL.CD, JPN)"
2021,工业,工业增加值,日本,14868.0338,亿美元,"来源：世界银行OpenData(NV.IND.TOTL.CD, JPN)"
2022,工业,工业增加值,日本,12035.1588,亿美元,"来源：世界银行OpenData(NV.IND.TOTL.CD, JPN)"
2023,工业,工业增加值,日本,12124.9104,亿美元,"来源：世界银行OpenData(NV.IND.TOTL.CD, JPN)"
2024,工业,工业增加值,日本,11220.0476,亿美元,"来源：世界银行OpenData(NV.IND.TOTL.CD, JPN)"
2019,人口,总人口,日本,1.2663,亿人,"来源：世界银行OpenData(SP.POP.TOTL, JPN)"
2020,人口,总人口,日本,1.2626,亿人,"来源：世界银行OpenData(SP.POP.TOTL, JPN)"
2021,人口,总人口,日本,1.2568,亿人,"来源：世界银行OpenData(SP.POP.TOTL, JPN)"
2022,人口,总人口,日本,1.2512,亿人,"来源：世界银行OpenData(SP.POP.TOTL, JPN)"
2023,人口,总人口,日本,1.2452,亿人,"来源：世界银行OpenData(SP.POP.TOTL, JPN)"
2024,人口,总人口,日本,1.2398,亿人,"来源：世界银行OpenData(SP.POP.TOTL, JPN)"
2019,贸易,货物服务出口总额,日本,8937.6111,亿美元,"来源：世界银行OpenData(NE.EXP.GNFS.CD, JPN)"
2020,贸易,货物服务出口总额,日本,7850.5763,亿美元,"来源：世界银行OpenData(NE.EXP.GNFS.CD, JPN)"
2021,贸易,货物服务出口总额,日本,9125.5175,亿美元,"来源：世界银行OpenData(NE.EXP.GNFS.CD, JPN)"
2022,贸易,货物服务出口总额,日本,9184.1223,亿美元,"来源：世界银行OpenData(NE.EXP.GNFS.CD, JPN)"
2023,贸易,货物服务出口总额,日本,9234.2006,亿美元,"来源：世界银行OpenData(NE.EXP.GNFS.CD, JPN)"
2024,贸易,货物服务出口总额,日本,9209.6,亿美元,"来源：世界银行OpenData(NE.EXP.GNFS.CD, JPN)"
2019,贸易,货物服务进口总额,日本,9085.9099,亿美元,"来源：世界银行OpenData(NE.IMP.GNFS.CD, JPN)"
2020,贸易,货物服务进口总额,日本,7986.4513,亿美元,"来源：世界银行OpenData(NE.IMP.GNFS.CD, JPN)"
2021,贸易,货物服务进口总额,日本,9387.5573,亿美元,"来源：世界银行OpenData(NE.IMP.GNFS.CD, JPN)"
2022,贸易,货物服务进口总额,日本,10769.7797,亿美元,"来源：世界银行OpenData(NE.IMP.GNFS.CD, JPN)"
2023,贸易,货物服务进口总额,日本,9881.6082,亿美元,"来源：世界银行OpenData(NE.IMP.GNFS.CD, JPN)"
2024,贸易,货物服务进口总额,日本,9583.8181,亿美元,"来源：世界银行OpenData(NE.IMP.GNFS.CD, JPN)"
2019,综合,通货膨胀率(CPI),日本,0.4688,%,"来源：世界银行OpenData(FP.CPI.TOTL.ZG, JPN)"
2020,综合,通货膨胀率(CPI),日本,-0.025,%,"来源：世界银行OpenData(FP.CPI.TOTL.ZG, JPN)"
2021,综合,通货膨胀率(CPI),日本,-0.2334,%,"来源：世界银行OpenData(FP.CPI.TOTL.ZG, JPN)"
2022,综合,通货膨胀率(CPI),日本,2.4977,%,"来源：世界银行OpenData(FP.CPI.TOTL.ZG, JPN)"
2023,综合,通货膨胀率(CPI),日本,3.2681,%,"来源：世界银行OpenData(FP.CPI.TOTL.ZG, JPN)"
2024,综合,通货膨胀率(CPI),日本,2.7385,%,"来源：世界银行OpenData(FP.CPI.TOTL.ZG, JPN)"
2019,人口,预期寿命,日本,84.3563,岁,"来源：世界银行OpenData(SP.DYN.LE00.IN, JPN)"
2020,人口,预期寿命,日本,84.56,岁,"来源：世界银行OpenData(SP.DYN.LE00.IN, JPN)"
2021,人口,预期寿命,日本,84.4456,岁,"来源：世界银行OpenData(SP.DYN.LE00.IN, JPN)"
2022,人口,预期寿命,日本,83.9963,岁,"来源：世界银行OpenData(SP.DYN.LE00.IN, JPN)"
2023,人口,预期寿命,日本,84.0412,岁,"来源：世界银行OpenData(SP.DYN.LE00.IN, JPN)"
2024,人口,预期寿命,日本,84.0363,岁,"来源：世界银行OpenData(SP.DYN.LE00.IN, JPN)"
2019,综合,GDP增长率,泰国,2.1146,%,"来源：世界银行OpenData(NY.GDP.MKTP.KD.ZG, THA)"
2020,综合,GDP增长率,泰国,-6.0931,%,"来源：世界银行OpenData(NY.GDP.MKTP.KD.ZG, THA)"
2021,综合,GDP增长率,泰国,1.5586,%,"来源：世界银行OpenData(NY.GDP.MKTP.KD.ZG, THA)"
2022,综合,GDP增长率,泰国,2.6378,%,"来源：世界银行OpenData(NY.GDP.MKTP.KD.ZG, THA)"
2023,综合,GDP增长率,泰国,2.2488,%,"来源：世界银行OpenData(NY.GDP.MKTP.KD.ZG, THA)"
2024,综合,GDP增长率,泰国,2.9486,%,"来源：世界银行OpenData(NY.GDP.MKTP.KD.ZG, THA)"
2019,综合,人均GDP,泰国,7605.6966,美元,"来源：世界银行OpenData(NY.GDP.PCAP.CD, THA)"
2020,综合,人均GDP,泰国,6983.0341,美元,"来源：世界银行OpenData(NY.GDP.PCAP.CD, THA)"
2021,综合,人均GDP,泰国,7055.1876,美元,"来源：世界银行OpenData(NY.GDP.PCAP.CD, THA)"
2022,综合,人均GDP,泰国,6910.01,美元,"来源：世界银行OpenData(NY.GDP.PCAP.CD, THA)"
2023,综合,人均GDP,泰国,7210.5413,美元,"来源：世界银行OpenData(NY.GDP.PCAP.CD, THA)"
2024,综合,人均GDP,泰国,7386.6362,美元,"来源：世界银行OpenData(NY.GDP.PCAP.CD, THA)"
2019,综合,国内生产总值(GDP),泰国,5439.7669,亿美元,"来源：世界银行OpenData(NY.GDP.MKTP.CD, THA)"
2020,综合,国内生产总值(GDP),泰国,5002.7493,亿美元,"来源：世界银行OpenData(NY.GDP.MKTP.CD, THA)"
2021,综合,国内生产总值(GDP),泰国,5060.4978,亿美元,"来源：世界银行OpenData(NY.GDP.MKTP.CD, THA)"
2022,综合,国内生产总值(GDP),泰国,4956.9184,亿美元,"来源：世界银行OpenData(NY.GDP.MKTP.CD, THA)"
2023,综合,国内生产总值(GDP),泰国,5170.1337,亿美元,"来源：世界银行OpenData(NY.GDP.MKTP.CD, THA)"
2024,综合,国内生产总值(GDP),泰国,5293.8552,亿美元,"来源：世界银行OpenData(NY.GDP.MKTP.CD, THA)"
2019,人口,失业率,泰国,0.716,%,"来源：世界银行OpenData(SL.UEM.TOTL.ZS, THA)"
2020,人口,失业率,泰国,1.099,%,"来源：世界银行OpenData(SL.UEM.TOTL.ZS, THA)"
2021,人口,失业率,泰国,1.215,%,"来源：世界银行OpenData(SL.UEM.TOTL.ZS, THA)"
2022,人口,失业率,泰国,0.94,%,"来源：世界银行OpenData(SL.UEM.TOTL.ZS, THA)"
2023,人口,失业率,泰国,0.733,%,"来源：世界银行OpenData(SL.UEM.TOTL.ZS, THA)"
2024,人口,失业率,泰国,0.781,%,"来源：世界银行OpenData(SL.UEM.TOTL.ZS, THA)"
2019,工业,工业增加值,泰国,1827.4304,亿美元,"来源：世界银行OpenData(NV.IND.TOTL.CD, THA)"
2020,工业,工业增加值,泰国,1666.0738,亿美元,"来源：世界银行OpenData(NV.IND.TOTL.CD, THA)"
2021,工业,工业增加值,泰国,1773.2866,亿美元,"来源：世界银行OpenData(NV.IND.TOTL.CD, THA)"
2022,工业,工业增加值,泰国,1741.2159,亿美元,"来源：世界银行OpenData(NV.IND.TOTL.CD, THA)"
2023,工业,工业增加值,泰国,1701.7154,亿美元,"来源：世界银行OpenData(NV.IND.TOTL.CD, THA)"
2024,工业,工业增加值,泰国,1685.3927,亿美元,"来源：世界银行OpenData(NV.IND.TOTL.CD, THA)"
2019,人口,总人口,泰国,0.7152,亿人,"来源：世界银行OpenData(SP.POP.TOTL, THA)"
2020,人口,总人口,泰国,0.7164,亿人,"来源：世界银行OpenData(SP.POP.TOTL, THA)"
2021,人口,总人口,泰国,0.7173,亿人,"来源：世界银行OpenData(SP.POP.TOTL, THA)"
2022,人口,总人口,泰国,0.7174,亿人,"来源：世界银行OpenData(SP.POP.TOTL, THA)"
2023,人口,总人口,泰国,0.717,亿人,"来源：世界银行OpenData(SP.POP.TOTL, THA)"
2024,人口,总人口,泰国,0.7167,亿人,"来源：世界银行OpenData(SP.POP.TOTL, THA)"
2019,贸易,货物服务出口总额,泰国,3237.6889,亿美元,"来源：世界银行OpenData(NE.EXP.GNFS.CD, THA)"
2020,贸易,货物服务出口总额,泰国,2568.3524,亿美元,"来源：世界银行OpenData(NE.EXP.GNFS.CD, THA)"
2021,贸易,货物服务出口总额,泰国,2956.3991,亿美元,"来源：世界银行OpenData(NE.EXP.GNFS.CD, THA)"
2022,贸易,货物服务出口总额,泰国,3238.5447,亿美元,"来源：世界银行OpenData(NE.EXP.GNFS.CD, THA)"
2023,贸易,货物服务出口总额,泰国,3387.1401,亿美元,"来源：世界银行OpenData(NE.EXP.GNFS.CD, THA)"
2024,贸易,货物服务出口总额,泰国,3688.3681,亿美元,"来源：世界银行OpenData(NE.EXP.GNFS.CD, THA)"
2019,贸易,货物服务进口总额,泰国,2729.165,亿美元,"来源：世界银行OpenData(NE.IMP.GNFS.CD, THA)"
2020,贸易,货物服务进口总额,泰国,2317.4547,亿美元,"来源：世界银行OpenData(NE.IMP.GNFS.CD, THA)"
2021,贸易,货物服务进口总额,泰国,2971.0365,亿美元,"来源：世界银行OpenData(NE.IMP.GNFS.CD, THA)"
2022,贸易,货物服务进口总额,泰国,3344.91,亿美元,"来源：世界银行OpenData(NE.IMP.GNFS.CD, THA)"
2023,贸易,货物服务进口总额,泰国,3271.5971,亿美元,"来源：世界银行OpenData(NE.IMP.GNFS.CD, THA)"
2024,贸易,货物服务进口总额,泰国,3496.7135,亿美元,"来源：世界银行OpenData(NE.IMP.GNFS.CD, THA)"
2019,综合,通货膨胀率(CPI),泰国,0.7055,%,"来源：世界银行OpenData(FP.CPI.TOTL.ZG, THA)"
2020,综合,通货膨胀率(CPI),泰国,-0.8461,%,"来源：世界银行OpenData(FP.CPI.TOTL.ZG, THA)"
2021,综合,通货膨胀率(CPI),泰国,1.231,%,"来源：世界银行OpenData(FP.CPI.TOTL.ZG, THA)"
2022,综合,通货膨胀率(CPI),泰国,6.0759,%,"来源：世界银行OpenData(FP.CPI.TOTL.ZG, THA)"
2023,综合,通货膨胀率(CPI),泰国,1.2291,%,"来源：世界银行OpenData(FP.CPI.TOTL.ZG, THA)"
2024,综合,通货膨胀率(CPI),泰国,0.3983,%,"来源：世界银行OpenData(FP.CPI.TOTL.ZG, THA)"
2019,人口,预期寿命,泰国,77.197,岁,"来源：世界银行OpenData(SP.DYN.LE00.IN, THA)"
2020,人口,预期寿命,泰国,77.331,岁,"来源：世界银行OpenData(SP.DYN.LE00.IN, THA)"
2021,人口,预期寿命,泰国,77.606,岁,"来源：世界银行OpenData(SP.DYN.LE00.IN, THA)"
2022,人口,预期寿命,泰国,75.291,岁,"来源：世界银行OpenData(SP.DYN.LE00.IN, THA)"
2023,人口,预期寿命,泰国,76.412,岁,"来源：世界银行OpenData(SP.DYN.LE00.IN, THA)"
2024,人口,预期寿命,泰国,76.564,岁,"来源：世界银行OpenData(SP.DYN.LE00.IN, THA)"
2019,综合,GDP增长率,菲律宾,6.1185,%,"来源：世界银行OpenData(NY.GDP.MKTP.KD.ZG, PHL)"
2020,综合,GDP增长率,菲律宾,-9.5183,%,"来源：世界银行OpenData(NY.GDP.MKTP.KD.ZG, PHL)"
2021,综合,GDP增长率,菲律宾,5.7147,%,"来源：世界银行OpenData(NY.GDP.MKTP.KD.ZG, PHL)"
2022,综合,GDP增长率,菲律宾,7.581,%,"来源：世界银行OpenData(NY.GDP.MKTP.KD.ZG, PHL)"
2023,综合,GDP增长率,菲律宾,5.5189,%,"来源：世界银行OpenData(NY.GDP.MKTP.KD.ZG, PHL)"
2024,综合,GDP增长率,菲律宾,5.7147,%,"来源：世界银行OpenData(NY.GDP.MKTP.KD.ZG, PHL)"
2019,综合,人均GDP,菲律宾,3400.7895,美元,"来源：世界银行OpenData(NY.GDP.PCAP.CD, PHL)"
2020,综合,人均GDP,菲律宾,3227.5791,美元,"来源：世界银行OpenData(NY.GDP.PCAP.CD, PHL)"
2021,综合,人均GDP,菲律宾,3484.3859,美元,"来源：世界银行OpenData(NY.GDP.PCAP.CD, PHL)"
2022,综合,人均GDP,菲律宾,3548.0693,美元,"来源：世界银行OpenData(NY.GDP.PCAP.CD, PHL)"
2023,综合,人均GDP,菲律宾,3804.0827,美元,"来源：世界银行OpenData(NY.GDP.PCAP.CD, PHL)"
2024,综合,人均GDP,菲律宾,3985.2946,美元,"来源：世界银行OpenData(NY.GDP.PCAP.CD, PHL)"
2019,综合,国内生产总值(GDP),菲律宾,3768.234,亿美元,"来源：世界银行OpenData(NY.GDP.MKTP.CD, PHL)"
2020,综合,国内生产总值(GDP),菲律宾,3617.5115,亿美元,"来源：世界银行OpenData(NY.GDP.MKTP.CD, PHL)"
2021,综合,国内生产总值(GDP),菲律宾,3940.8736,亿美元,"来源：世界银行OpenData(NY.GDP.MKTP.CD, PHL)"
2022,综合,国内生产总值(GDP),菲律宾,4043.5337,亿美元,"来源：世界银行OpenData(NY.GDP.MKTP.CD, PHL)"
2023,综合,国内生产总值(GDP),菲律宾,4370.5563,亿美元,"来源：世界银行OpenData(NY.GDP.MKTP.CD, PHL)"
2024,综合,国内生产总值(GDP),菲律宾,4616.7116,亿美元,"来源：世界银行OpenData(NY.GDP.MKTP.CD, PHL)"
2019,人口,失业率,菲律宾,2.237,%,"来源：世界银行OpenData(SL.UEM.TOTL.ZS, PHL)"
2020,人口,失业率,菲律宾,2.522,%,"来源：世界银行OpenData(SL.UEM.TOTL.ZS, PHL)"
2021,人口,失业率,菲律宾,3.398,%,"来源：世界银行OpenData(SL.UEM.TOTL.ZS, PHL)"
2022,人口,失业率,菲律宾,2.598,%,"来源：世界银行OpenData(SL.UEM.TOTL.ZS, PHL)"
2023,人口,失业率,菲律宾,2.2,%,"来源：世界银行OpenData(SL.UEM.TOTL.ZS, PHL)"
2024,人口,失业率,菲律宾,2.202,%,"来源：世界银行OpenData(SL.UEM.TOTL.ZS, PHL)"
2019,工业,工业增加值,菲律宾,1142.8115,亿美元,"来源：世界银行OpenData(NV.IND.TOTL.CD, PHL)"
2020,工业,工业增加值,菲律宾,1027.3703,亿美元,"来源：世界银行OpenData(NV.IND.TOTL.CD, PHL)"
2021,工业,工业增加值,菲律宾,1138.5109,亿美元,"来源：世界银行OpenData(NV.IND.TOTL.CD, PHL)"
2022,工业,工业增加值,菲律宾,1181.5707,亿美元,"来源：世界银行OpenData(NV.IND.TOTL.CD, PHL)"
2023,工业,工业增加值,菲律宾,1232.393,亿美元,"来源：世界银行OpenData(NV.IND.TOTL.CD, PHL)"
2024,工业,工业增加值,菲律宾,1278.1328,亿美元,"来源：世界银行OpenData(NV.IND.TOTL.CD, PHL)"
2019,人口,总人口,菲律宾,1.108,亿人,"来源：世界银行OpenData(SP.POP.TOTL, PHL)"
2020,人口,总人口,菲律宾,1.1208,亿人,"来源：世界银行OpenData(SP.POP.TOTL, PHL)"
2021,人口,总人口,菲律宾,1.131,亿人,"来源：世界银行OpenData(SP.POP.TOTL, PHL)"
2022,人口,总人口,菲律宾,1.1396,亿人,"来源：世界银行OpenData(SP.POP.TOTL, PHL)"
2023,人口,总人口,菲律宾,1.1489,亿人,"来源：世界银行OpenData(SP.POP.TOTL, PHL)"
2024,人口,总人口,菲律宾,1.1584,亿人,"来源：世界银行OpenData(SP.POP.TOTL, PHL)"
2019,贸易,货物服务出口总额,菲律宾,1069.5348,亿美元,"来源：世界银行OpenData(NE.EXP.GNFS.CD, PHL)"
2020,贸易,货物服务出口总额,菲律宾,911.7156,亿美元,"来源：世界银行OpenData(NE.EXP.GNFS.CD, PHL)"
2021,贸易,货物服务出口总额,菲律宾,1014.8551,亿美元,"来源：世界银行OpenData(NE.EXP.GNFS.CD, PHL)"
2022,贸易,货物服务出口总额,菲律宾,1147.8541,亿美元,"来源：世界银行OpenData(NE.EXP.GNFS.CD, PHL)"
2023,贸易,货物服务出口总额,菲律宾,1164.1785,亿美元,"来源：世界银行OpenData(NE.EXP.GNFS.CD, PHL)"
2024,贸易,货物服务出口总额,菲律宾,1188.2022,亿美元,"来源：世界银行OpenData(NE.EXP.GNFS.CD, PHL)"
2019,贸易,货物服务进口总额,菲律宾,1524.5869,亿美元,"来源：世界银行OpenData(NE.IMP.GNFS.CD, PHL)"
2020,贸易,货物服务进口总额,菲律宾,1192.5749,亿美元,"来源：世界银行OpenData(NE.IMP.GNFS.CD, PHL)"
2021,贸易,货物服务进口总额,菲律宾,1486.9931,亿美元,"来源：世界银行OpenData(NE.IMP.GNFS.CD, PHL)"
2022,贸易,货物服务进口总额,菲律宾,1780.8645,亿美元,"来源：世界银行OpenData(NE.IMP.GNFS.CD, PHL)"
2023,贸易,货物服务进口总额,菲律宾,1782.4492,亿美元,"来源：世界银行OpenData(NE.IMP.GNFS.CD, PHL)"
2024,贸易,货物服务进口总额,菲律宾,1852.539,亿美元,"来源：世界银行OpenData(NE.IMP.GNFS.CD, PHL)"
2019,综合,通货膨胀率(CPI),菲律宾,2.3921,%,"来源：世界银行OpenData(FP.CPI.TOTL.ZG, PHL)"
2020,综合,通货膨胀率(CPI),菲律宾,2.3932,%,"来源：世界银行OpenData(FP.CPI.TOTL.ZG, PHL)"
2021,综合,通货膨胀率(CPI),菲律宾,3.9272,%,"来源：世界银行OpenData(FP.CPI.TOTL.ZG, PHL)"
2022,综合,通货膨胀率(CPI),菲律宾,5.8212,%,"来源：世界银行OpenData(FP.CPI.TOTL.ZG, PHL)"
2023,综合,通货膨胀率(CPI),菲律宾,5.978,%,"来源：世界银行OpenData(FP.CPI.TOTL.ZG, PHL)"
2024,综合,通货膨胀率(CPI),菲律宾,3.2126,%,"来源：世界银行OpenData(FP.CPI.TOTL.ZG, PHL)"
2019,人口,预期寿命,菲律宾,69.68,岁,"来源：世界银行OpenData(SP.DYN.LE00.IN, PHL)"
2020,人口,预期寿命,菲律宾,70.097,岁,"来源：世界银行OpenData(SP.DYN.LE00.IN, PHL)"
2021,人口,预期寿命,菲律宾,66.675,岁,"来源：世界银行OpenData(SP.DYN.LE00.IN, PHL)"
2022,人口,预期寿命,菲律宾,69.472,岁,"来源：世界银行OpenData(SP.DYN.LE00.IN, PHL)"
2023,人口,预期寿命,菲律宾,69.833,岁,"来源：世界银行OpenData(SP.DYN.LE00.IN, PHL)"
2024,人口,预期寿命,菲律宾,69.946,岁,"来源：世界银行OpenData(SP.DYN.LE00.IN, PHL)"
2019,综合,GDP增长率,越南,7.3593,%,"来源：世界银行OpenData(NY.GDP.MKTP.KD.ZG, VNM)"
2020,综合,GDP增长率,越南,2.8654,%,"来源：世界银行OpenData(NY.GDP.MKTP.KD.ZG, VNM)"
2021,综合,GDP增长率,越南,2.5537,%,"来源：世界银行OpenData(NY.GDP.MKTP.KD.ZG, VNM)"
2022,综合,GDP增长率,越南,8.5375,%,"来源：世界银行OpenData(NY.GDP.MKTP.KD.ZG, VNM)"
2023,综合,GDP增长率,越南,4.9787,%,"来源：世界银行OpenData(NY.GDP.MKTP.KD.ZG, VNM)"
2024,综合,GDP增长率,越南,7.0396,%,"来源：世界银行OpenData(NY.GDP.MKTP.KD.ZG, VNM)"
2019,综合,人均GDP,越南,3440.9003,美元,"来源：世界银行OpenData(NY.GDP.PCAP.CD, VNM)"
2020,综合,人均GDP,越南,3534.0395,美元,"来源：世界银行OpenData(NY.GDP.PCAP.CD, VNM)"
2021,综合,人均GDP,越南,3704.1936,美元,"来源：世界银行OpenData(NY.GDP.PCAP.CD, VNM)"
2022,综合,人均GDP,越南,4147.6978,美元,"来源：世界银行OpenData(NY.GDP.PCAP.CD, VNM)"
2023,综合,人均GDP,越南,4322.8257,美元,"来源：世界银行OpenData(NY.GDP.PCAP.CD, VNM)"
2024,综合,人均GDP,越南,4716.6599,美元,"来源：世界银行OpenData(NY.GDP.PCAP.CD, VNM)"
2019,综合,国内生产总值(GDP),越南,3343.6527,亿美元,"来源：世界银行OpenData(NY.GDP.MKTP.CD, VNM)"
2020,综合,国内生产总值(GDP),越南,3466.1574,亿美元,"来源：世界银行OpenData(NY.GDP.MKTP.CD, VNM)"
2021,综合,国内生产总值(GDP),越南,3664.7475,亿美元,"来源：世界银行OpenData(NY.GDP.MKTP.CD, VNM)"
2022,综合,国内生产总值(GDP),越南,4134.4523,亿美元,"来源：世界银行OpenData(NY.GDP.MKTP.CD, VNM)"
2023,综合,国内生产总值(GDP),越南,4338.0504,亿美元,"来源：世界银行OpenData(NY.GDP.MKTP.CD, VNM)"
2024,综合,国内生产总值(GDP),越南,4763.2457,亿美元,"来源：世界银行OpenData(NY.GDP.MKTP.CD, VNM)"
2019,人口,失业率,越南,1.681,%,"来源：世界银行OpenData(SL.UEM.TOTL.ZS, VNM)"
2020,人口,失业率,越南,2.103,%,"来源：世界银行OpenData(SL.UEM.TOTL.ZS, VNM)"
2021,人口,失业率,越南,2.383,%,"来源：世界银行OpenData(SL.UEM.TOTL.ZS, VNM)"
2022,人口,失业率,越南,1.57,%,"来源：世界银行OpenData(SL.UEM.TOTL.ZS, VNM)"
2023,人口,失业率,越南,1.645,%,"来源：世界银行OpenData(SL.UEM.TOTL.ZS, VNM)"
2024,人口,失业率,越南,1.602,%,"来源：世界银行OpenData(SL.UEM.TOTL.ZS, VNM)"
2019,工业,工业增加值,越南,1230.5691,亿美元,"来源：世界银行OpenData(NV.IND.TOTL.CD, VNM)"
2020,工业,工业增加值,越南,1273.5949,亿美元,"来源：世界银行OpenData(NV.IND.TOTL.CD, VNM)"
2021,工业,工业增加值,越南,1370.3048,亿美元,"来源：世界银行OpenData(NV.IND.TOTL.CD, VNM)"
2022,工业,工业增加值,越南,1591.0349,亿美元,"来源：世界银行OpenData(NV.IND.TOTL.CD, VNM)"
2023,工业,工业增加值,越南,1630.8158,亿美元,"来源：世界银行OpenData(NV.IND.TOTL.CD, VNM)"
2024,工业,工业增加值,越南,1786.9932,亿美元,"来源：世界银行OpenData(NV.IND.TOTL.CD, VNM)"
2019,人口,总人口,越南,0.9717,亿人,"来源：世界银行OpenData(SP.POP.TOTL, VNM)"
2020,人口,总人口,越南,0.9808,亿人,"来源：世界银行OpenData(SP.POP.TOTL, VNM)"
2021,人口,总人口,越南,0.9894,亿人,"来源：世界银行OpenData(SP.POP.TOTL, VNM)"
2022,人口,总人口,越南,0.9968,亿人,"来源：世界银行OpenData(SP.POP.TOTL, VNM)"
2023,人口,总人口,越南,1.0035,亿人,"来源：世界银行OpenData(SP.POP.TOTL, VNM)"
2024,人口,总人口,越南,1.0099,亿人,"来源：世界银行OpenData(SP.POP.TOTL, VNM)"
2019,贸易,货物服务出口总额,越南,2847.374,亿美元,"来源：世界银行OpenData(NE.EXP.GNFS.CD, VNM)"
2020,贸易,货物服务出口总额,越南,2924.799,亿美元,"来源：世界银行OpenData(NE.EXP.GNFS.CD, VNM)"
2021,贸易,货物服务出口总额,越南,3439.3731,亿美元,"来源：世界银行OpenData(NE.EXP.GNFS.CD, VNM)"
2022,贸易,货物服务出口总额,越南,3862.4107,亿美元,"来源：世界银行OpenData(NE.EXP.GNFS.CD, VNM)"
2023,贸易,货物服务出口总额,越南,3762.6802,亿美元,"来源：世界银行OpenData(NE.EXP.GNFS.CD, VNM)"
2024,贸易,货物服务出口总额,越南,4294.841,亿美元,"来源：世界银行OpenData(NE.EXP.GNFS.CD, VNM)"
2019,贸易,货物服务进口总额,越南,2659.763,亿美元,"来源：世界银行OpenData(NE.IMP.GNFS.CD, VNM)"
2020,贸易,货物服务进口总额,越南,2733.5595,亿美元,"来源：世界银行OpenData(NE.IMP.GNFS.CD, VNM)"
2021,贸易,货物服务进口总额,越南,3401.8248,亿美元,"来源：世界银行OpenData(NE.IMP.GNFS.CD, VNM)"
2022,贸易,货物服务进口总额,越南,3709.9884,亿美元,"来源：世界银行OpenData(NE.IMP.GNFS.CD, VNM)"
2023,贸易,货物服务进口总额,越南,3394.9114,亿美元,"来源：世界银行OpenData(NE.IMP.GNFS.CD, VNM)"
2024,贸易,货物服务进口总额,越南,3987.7413,亿美元,"来源：世界银行OpenData(NE.IMP.GNFS.CD, VNM)"
2019,综合,通货膨胀率(CPI),越南,2.7958,%,"来源：世界银行OpenData(FP.CPI.TOTL.ZG, VNM)"
2020,综合,通货膨胀率(CPI),越南,3.2209,%,"来源：世界银行OpenData(FP.CPI.TOTL.ZG, VNM)"
2021,综合,通货膨胀率(CPI),越南,1.8347,%,"来源：世界银行OpenData(FP.CPI.TOTL.ZG, VNM)"
2022,综合,通货膨胀率(CPI),越南,3.1565,%,"来源：世界银行OpenData(FP.CPI.TOTL.ZG, VNM)"
2023,综合,通货膨胀率(CPI),越南,3.2529,%,"来源：世界银行OpenData(FP.CPI.TOTL.ZG, VNM)"
2024,综合,通货膨胀率(CPI),越南,3.6211,%,"来源：世界银行OpenData(FP.CPI.TOTL.ZG, VNM)"
2019,人口,预期寿命,越南,74.211,岁,"来源：世界银行OpenData(SP.DYN.LE00.IN, VNM)"
2020,人口,预期寿命,越南,75.383,岁,"来源：世界银行OpenData(SP.DYN.LE00.IN, VNM)"
2021,人口,预期寿命,越南,74.145,岁,"来源：世界银行OpenData(SP.DYN.LE00.IN, VNM)"
2022,人口,预期寿命,越南,74.502,岁,"来源：世界银行OpenData(SP.DYN.LE00.IN, VNM)"
2023,人口,预期寿命,越南,74.588,岁,"来源：世界银行OpenData(SP.DYN.LE00.IN, VNM)"
2024,人口,预期寿命,越南,74.736,岁,"来源：世界银行OpenData(SP.DYN.LE00.IN, VNM)"
2019,综合,GDP增长率,韩国,2.3138,%,"来源：世界银行OpenData(NY.GDP.MKTP.KD.ZG, KOR)"
2020,综合,GDP增长率,韩国,-0.7002,%,"来源：世界银行OpenData(NY.GDP.MKTP.KD.ZG, KOR)"
2021,综合,GDP增长率,韩国,4.613,%,"来源：世界银行OpenData(NY.GDP.MKTP.KD.ZG, KOR)"
2022,综合,GDP增长率,韩国,2.7276,%,"来源：世界银行OpenData(NY.GDP.MKTP.KD.ZG, KOR)"
2023,综合,GDP增长率,韩国,1.583,%,"来源：世界银行OpenData(NY.GDP.MKTP.KD.ZG, KOR)"
2024,综合,GDP增长率,韩国,2.0036,%,"来源：世界银行OpenData(NY.GDP.MKTP.KD.ZG, KOR)"
2019,综合,人均GDP,韩国,33826.9443,美元,"来源：世界银行OpenData(NY.GDP.PCAP.CD, KOR)"
2020,综合,人均GDP,韩国,33645.772,美元,"来源：世界银行OpenData(NY.GDP.PCAP.CD, KOR)"
2021,综合,人均GDP,韩国,37518.4635,美元,"来源：世界银行OpenData(NY.GDP.PCAP.CD, KOR)"
2022,综合,人均GDP,韩国,34822.4048,美元,"来源：世界银行OpenData(NY.GDP.PCAP.CD, KOR)"
2023,综合,人均GDP,韩国,35674.096,美元,"来源：世界银行OpenData(NY.GDP.PCAP.CD, KOR)"
2024,综合,人均GDP,韩国,36238.6399,美元,"来源：世界银行OpenData(NY.GDP.PCAP.CD, KOR)"
2019,综合,国内生产总值(GDP),韩国,17510.4575,亿美元,"来源：世界银行OpenData(NY.GDP.MKTP.CD, KOR)"
2020,综合,国内生产总值(GDP),韩国,17440.7028,亿美元,"来源：世界银行OpenData(NY.GDP.MKTP.CD, KOR)"
2021,综合,国内生产总值(GDP),韩国,19423.1356,亿美元,"来源：世界银行OpenData(NY.GDP.MKTP.CD, KOR)"
2022,综合,国内生产总值(GDP),韩国,17993.6312,亿美元,"来源：世界银行OpenData(NY.GDP.MKTP.CD, KOR)"
2023,综合,国内生产总值(GDP),韩国,18448.0093,亿美元,"来源：世界银行OpenData(NY.GDP.MKTP.CD, KOR)"
2024,综合,国内生产总值(GDP),韩国,18753.8821,亿美元,"来源：世界银行OpenData(NY.GDP.MKTP.CD, KOR)"
2019,人口,失业率,韩国,3.746,%,"来源：世界银行OpenData(SL.UEM.TOTL.ZS, KOR)"
2020,人口,失业率,韩国,3.931,%,"来源：世界银行OpenData(SL.UEM.TOTL.ZS, KOR)"
2021,人口,失业率,韩国,3.639,%,"来源：世界银行OpenData(SL.UEM.TOTL.ZS, KOR)"
2022,人口,失业率,韩国,2.857,%,"来源：世界银行OpenData(SL.UEM.TOTL.ZS, KOR)"
2023,人口,失业率,韩国,2.675,%,"来源：世界银行OpenData(SL.UEM.TOTL.ZS, KOR)"
2024,人口,失业率,韩国,2.784,%,"来源：世界银行OpenData(SL.UEM.TOTL.ZS, KOR)"
2019,工业,工业增加值,韩国,5891.6547,亿美元,"来源：世界银行OpenData(NV.IND.TOTL.CD, KOR)"
2020,工业,工业增加值,韩国,5817.5777,亿美元,"来源：世界银行OpenData(NV.IND.TOTL.CD, KOR)"
2021,工业,工业增加值,韩国,6439.2754,亿美元,"来源：世界银行OpenData(NV.IND.TOTL.CD, KOR)"
2022,工业,工业增加值,韩国,5849.9559,亿美元,"来源：世界银行OpenData(NV.IND.TOTL.CD, KOR)"
2023,工业,工业增加值,韩国,5999.9326,亿美元,"来源：世界银行OpenData(NV.IND.TOTL.CD, KOR)"
2024,工业,工业增加值,韩国,6358.0431,亿美元,"来源：世界银行OpenData(NV.IND.TOTL.CD, KOR)"
2019,人口,总人口,韩国,0.5176,亿人,"来源：世界银行OpenData(SP.POP.TOTL, KOR)"
2020,人口,总人口,韩国,0.5184,亿人,"来源：世界银行OpenData(SP.POP.TOTL, KOR)"
2021,人口,总人口,韩国,0.5177,亿人,"来源：世界银行OpenData(SP.POP.TOTL, KOR)"
2022,人口,总人口,韩国,0.5167,亿人,"来源：世界银行OpenData(SP.POP.TOTL, KOR)"
2023,人口,总人口,韩国,0.5171,亿人,"来源：世界银行OpenData(SP.POP.TOTL, KOR)"
2024,人口,总人口,韩国,0.5175,亿人,"来源：世界银行OpenData(SP.POP.TOTL, KOR)"
2019,贸易,货物服务出口总额,韩国,6486.1058,亿美元,"来源：世界银行OpenData(NE.EXP.GNFS.CD, KOR)"
2020,贸易,货物服务出口总额,韩国,6037.1342,亿美元,"来源：世界银行OpenData(NE.EXP.GNFS.CD, KOR)"
2021,贸易,货物服务出口总额,韩国,7640.8322,亿美元,"来源：世界银行OpenData(NE.EXP.GNFS.CD, KOR)"
2022,贸易,货物服务出口总额,韩国,8150.1902,亿美元,"来源：世界银行OpenData(NE.EXP.GNFS.CD, KOR)"
2023,贸易,货物服务出口总额,韩国,7622.9906,亿美元,"来源：世界银行OpenData(NE.EXP.GNFS.CD, KOR)"
2024,贸易,货物服务出口总额,韩国,8318.8917,亿美元,"来源：世界银行OpenData(NE.EXP.GNFS.CD, KOR)"
2019,贸易,货物服务进口总额,韩国,6024.6019,亿美元,"来源：世界银行OpenData(NE.IMP.GNFS.CD, KOR)"
2020,贸易,货物服务进口总额,韩国,5394.3671,亿美元,"来源：世界银行OpenData(NE.IMP.GNFS.CD, KOR)"
2021,贸易,货物服务进口总额,韩国,6986.0135,亿美元,"来源：世界银行OpenData(NE.IMP.GNFS.CD, KOR)"
2022,贸易,货物服务进口总额,韩国,8149.3671,亿美元,"来源：世界银行OpenData(NE.IMP.GNFS.CD, KOR)"
2023,贸易,货物服务进口总额,韩国,7551.9746,亿美元,"来源：世界银行OpenData(NE.IMP.GNFS.CD, KOR)"
2024,贸易,货物服务进口总额,韩国,7554.862,亿美元,"来源：世界银行OpenData(NE.IMP.GNFS.CD, KOR)"
2019,综合,通货膨胀率(CPI),韩国,0.383,%,"来源：世界银行OpenData(FP.CPI.TOTL.ZG, KOR)"
2020,综合,通货膨胀率(CPI),韩国,0.5373,%,"来源：世界银行OpenData(FP.CPI.TOTL.ZG, KOR)"
2021,综合,通货膨胀率(CPI),韩国,2.4983,%,"来源：世界银行OpenData(FP.CPI.TOTL.ZG, KOR)"
2022,综合,通货膨胀率(CPI),韩国,5.0895,%,"来源：世界银行OpenData(FP.CPI.TOTL.ZG, KOR)"
2023,综合,通货膨胀率(CPI),韩国,3.5975,%,"来源：世界银行OpenData(FP.CPI.TOTL.ZG, KOR)"
2024,综合,通货膨胀率(CPI),韩国,2.3217,%,"来源：世界银行OpenData(FP.CPI.TOTL.ZG, KOR)"
2019,人口,预期寿命,韩国,83.2268,岁,"来源：世界银行OpenData(SP.DYN.LE00.IN, KOR)"
2020,人口,预期寿命,韩国,83.4268,岁,"来源：世界银行OpenData(SP.DYN.LE00.IN, KOR)"
2021,人口,预期寿命,韩国,83.5268,岁,"来源：世界银行OpenData(SP.DYN.LE00.IN, KOR)"
2022,人口,预期寿命,韩国,82.6805,岁,"来源：世界银行OpenData(SP.DYN.LE00.IN, KOR)"
2023,人口,预期寿命,韩国,83.4293,岁,"来源：世界银行OpenData(SP.DYN.LE00.IN, KOR)"
2024,人口,预期寿命,韩国,83.6293,岁,"来源：世界银行OpenData(SP.DYN.LE00.IN, KOR)"
2019,综合,GDP增长率,马来西亚,4.4132,%,"来源：世界银行OpenData(NY.GDP.MKTP.KD.ZG, MYS)"
2020,综合,GDP增长率,马来西亚,-5.4568,%,"来源：世界银行OpenData(NY.GDP.MKTP.KD.ZG, MYS)"
2021,综合,GDP增长率,马来西亚,3.3153,%,"来源：世界银行OpenData(NY.GDP.MKTP.KD.ZG, MYS)"
2022,综合,GDP增长率,马来西亚,9.0317,%,"来源：世界银行OpenData(NY.GDP.MKTP.KD.ZG, MYS)"
2023,综合,GDP增长率,马来西亚,3.5371,%,"来源：世界银行OpenData(NY.GDP.MKTP.KD.ZG, MYS)"
2024,综合,GDP增长率,马来西亚,5.1055,%,"来源：世界银行OpenData(NY.GDP.MKTP.KD.ZG, MYS)"
2019,综合,人均GDP,马来西亚,10920.1918,美元,"来源：世界银行OpenData(NY.GDP.PCAP.CD, MYS)"
2020,综合,人均GDP,马来西亚,9957.5263,美元,"来源：世界银行OpenData(NY.GDP.PCAP.CD, MYS)"
2021,综合,人均GDP,马来西亚,10903.1037,美元,"来源：世界银行OpenData(NY.GDP.PCAP.CD, MYS)"
2022,综合,人均GDP,马来西亚,11754.5678,美元,"来源：世界银行OpenData(NY.GDP.PCAP.CD, MYS)"
2023,综合,人均GDP,马来西亚,11386.0396,美元,"来源：世界银行OpenData(NY.GDP.PCAP.CD, MYS)"
2024,综合,人均GDP,马来西亚,11874.4274,美元,"来源：世界银行OpenData(NY.GDP.PCAP.CD, MYS)"
2019,综合,国内生产总值(GDP),马来西亚,3651.7772,亿美元,"来源：世界银行OpenData(NY.GDP.MKTP.CD, MYS)"
2020,综合,国内生产总值(GDP),马来西亚,3374.5616,亿美元,"来源：世界银行OpenData(NY.GDP.MKTP.CD, MYS)"
2021,综合,国内生产总值(GDP),马来西亚,3737.8455,亿美元,"来源：世界银行OpenData(NY.GDP.MKTP.CD, MYS)"
2022,综合,国内生产总值(GDP),马来西亚,4078.3053,亿美元,"来源：世界银行OpenData(NY.GDP.MKTP.CD, MYS)"
2023,综合,国内生产总值(GDP),马来西亚,3999.4942,亿美元,"来源：世界银行OpenData(NY.GDP.MKTP.CD, MYS)"
2024,综合,国内生产总值(GDP),马来西亚,4222.2701,亿美元,"来源：世界银行OpenData(NY.GDP.MKTP.CD, MYS)"
2019,人口,失业率,马来西亚,3.33,%,"来源：世界银行OpenData(SL.UEM.TOTL.ZS, MYS)"
2020,人口,失业率,马来西亚,4.54,%,"来源：世界银行OpenData(SL.UEM.TOTL.ZS, MYS)"
2021,人口,失业率,马来西亚,4.64,%,"来源：世界银行OpenData(SL.UEM.TOTL.ZS, MYS)"
2022,人口,失业率,马来西亚,3.93,%,"来源：世界银行OpenData(SL.UEM.TOTL.ZS, MYS)"
2023,人口,失业率,马来西亚,3.858,%,"来源：世界银行OpenData(SL.UEM.TOTL.ZS, MYS)"
2024,人口,失业率,马来西亚,3.846,%,"来源：世界银行OpenData(SL.UEM.TOTL.ZS, MYS)"
2019,工业,工业增加值,马来西亚,1368.5595,亿美元,"来源：世界银行OpenData(NV.IND.TOTL.CD, MYS)"
2020,工业,工业增加值,马来西亚,1212.6395,亿美元,"来源：世界银行OpenData(NV.IND.TOTL.CD, MYS)"
2021,工业,工业增加值,马来西亚,1408.5206,亿美元,"来源：世界银行OpenData(NV.IND.TOTL.CD, MYS)"
2022,工业,工业增加值,马来西亚,1589.4885,亿美元,"来源：世界银行OpenData(NV.IND.TOTL.CD, MYS)"
2023,工业,工业增加值,马来西亚,1502.4043,亿美元,"来源：世界银行OpenData(NV.IND.TOTL.CD, MYS)"
2024,工业,工业增加值,马来西亚,1561.1157,亿美元,"来源：世界银行OpenData(NV.IND.TOTL.CD, MYS)"
2019,人口,总人口,马来西亚,0.3344,亿人,"来源：世界银行OpenData(SP.POP.TOTL, MYS)"
2020,人口,总人口,马来西亚,0.3389,亿人,"来源：世界银行OpenData(SP.POP.TOTL, MYS)"
2021,人口,总人口,马来西亚,0.3428,亿人,"来源：世界银行OpenData(SP.POP.TOTL, MYS)"
2022,人口,总人口,马来西亚,0.347,亿人,"来源：世界银行OpenData(SP.POP.TOTL, MYS)"
2023,人口,总人口,马来西亚,0.3513,亿人,"来源：世界银行OpenData(SP.POP.TOTL, MYS)"
2024,人口,总人口,马来西亚,0.3556,亿人,"来源：世界银行OpenData(SP.POP.TOTL, MYS)"
2019,贸易,货物服务出口总额,马来西亚,2383.7986,亿美元,"来源：世界银行OpenData(NE.EXP.GNFS.CD, MYS)"
2020,贸易,货物服务出口总额,马来西亚,2077.9854,亿美元,"来源：世界银行OpenData(NE.EXP.GNFS.CD, MYS)"
2021,贸易,货物服务出口总额,马来西亚,2640.1545,亿美元,"来源：世界银行OpenData(NE.EXP.GNFS.CD, MYS)"
2022,贸易,货物服务出口总额,马来西亚,3132.4564,亿美元,"来源：世界银行OpenData(NE.EXP.GNFS.CD, MYS)"
2023,贸易,货物服务出口总额,马来西亚,2746.8108,亿美元,"来源：世界银行OpenData(NE.EXP.GNFS.CD, MYS)"
2024,贸易,货物服务出口总额,马来西亚,3012.2133,亿美元,"来源：世界银行OpenData(NE.EXP.GNFS.CD, MYS)"
2019,贸易,货物服务进口总额,马来西亚,2108.9304,亿美元,"来源：世界银行OpenData(NE.IMP.GNFS.CD, MYS)"
2020,贸易,货物服务进口总额,马来西亚,1863.1038,亿美元,"来源：世界银行OpenData(NE.IMP.GNFS.CD, MYS)"
2021,贸易,货物服务进口总额,马来西亚,2369.9039,亿美元,"来源：世界银行OpenData(NE.IMP.GNFS.CD, MYS)"
2022,贸易,货物服务进口总额,马来西亚,2839.1859,亿美元,"来源：世界银行OpenData(NE.IMP.GNFS.CD, MYS)"
2023,贸易,货物服务进口总额,马来西亚,2556.257,亿美元,"来源：世界银行OpenData(NE.IMP.GNFS.CD, MYS)"
2024,贸易,货物服务进口总额,马来西亚,2787.6054,亿美元,"来源：世界银行OpenData(NE.IMP.GNFS.CD, MYS)"
2019,综合,通货膨胀率(CPI),马来西亚,0.6629,%,"来源：世界银行OpenData(FP.CPI.TOTL.ZG, MYS)"
2020,综合,通货膨胀率(CPI),马来西亚,-1.1387,%,"来源：世界银行OpenData(FP.CPI.TOTL.ZG, MYS)"
2021,综合,通货膨胀率(CPI),马来西亚,2.4771,%,"来源：世界银行OpenData(FP.CPI.TOTL.ZG, MYS)"
2022,综合,通货膨胀率(CPI),马来西亚,3.3787,%,"来源：世界银行OpenData(FP.CPI.TOTL.ZG, MYS)"
2023,综合,通货膨胀率(CPI),马来西亚,2.4889,%,"来源：世界银行OpenData(FP.CPI.TOTL.ZG, MYS)"
2024,综合,通货膨胀率(CPI),马来西亚,1.8341,%,"来源：世界银行OpenData(FP.CPI.TOTL.ZG, MYS)"
2019,人口,预期寿命,马来西亚,75.9,岁,"来源：世界银行OpenData(SP.DYN.LE00.IN, MYS)"
2020,人口,预期寿命,马来西亚,76.057,岁,"来源：世界银行OpenData(SP.DYN.LE00.IN, MYS)"
2021,人口,预期寿命,马来西亚,73.917,岁,"来源：世界银行OpenData(SP.DYN.LE00.IN, MYS)"
2022,人口,预期寿命,马来西亚,75.444,岁,"来源：世界银行OpenData(SP.DYN.LE00.IN, MYS)"
2023,人口,预期寿命,马来西亚,76.657,岁,"来源：世界银行OpenData(SP.DYN.LE00.IN, MYS)"
2024,人口,预期寿命,马来西亚,76.821,岁,"来源：世界银行OpenData(SP.DYN.LE00.IN, MYS)"
